fecha;valor,
12/01/2016;7354,
13/01/2016;7354,
14/01/2016;7354,
15/01/2016;7551,
16/01/2016;0,
17/01/2016;0,
18/01/2016;7307,
19/01/2016;7491,
20/01/2016;7756,
21/01/2016;7833,
22/01/2016;7711,
23/01/2016;6805,
24/01/2016;6513,
25/01/2016;7524,
26/01/2016;7597,
27/01/2016;7360,
28/01/2016;7180,
29/01/2016;7212,
30/01/2016;6704,
31/01/2016;6338,
01/02/2016;7368,
02/02/2016;7133,
03/02/2016;7472,
04/02/2016;7472,
05/02/2016;7454,
06/02/2016;6705,
07/02/2016;6424,
08/02/2016;7410,
09/02/2016;7305,
10/02/2016;7308,
11/02/2016;7415,
12/02/2016;7379,
13/02/2016;6547,
14/02/2016;6317,
15/02/2016;7273,
16/02/2016;7432,
17/02/2016;7514,
18/02/2016;7466,
19/02/2016;7332,
20/02/2016;6642,
21/02/2016;6350,
22/02/2016;7512,
23/02/2016;7528,
24/02/2016;7620,
25/02/2016;7606,
26/02/2016;7411,
27/02/2016;6778,
28/02/2016;6581,
29/02/2016;7731,
01/03/2016;0,
02/03/2016;7605,
03/03/2016;7491,
04/03/2016;7657,
05/03/2016;6625,
06/03/2016;6647,
07/03/2016;7643,
08/03/2016;7691,
09/03/2016;7614,
10/03/2016;7574,
11/03/2016;7598,
12/03/2016;6823,
13/03/2016;6652,
14/03/2016;7706,
15/03/2016;7680,
16/03/2016;7689,
17/03/2016;7598,
18/03/2016;7694,
19/03/2016;6931,
20/03/2016;6818,
21/03/2016;7605,
22/03/2016;7694,
23/03/2016;7516,
24/03/2016;7479,
25/03/2016;6270,
26/03/2016;6453,
27/03/2016;6767,
28/03/2016;7557,
29/03/2016;7441,
30/03/2016;7384,
31/03/2016;7325,
01/04/2016;7185,
02/04/2016;5866,
03/04/2016;5422,
04/04/2016;7049,
05/04/2016;6922,
06/04/2016;6957,
07/04/2016;6957,
08/04/2016;7034,
09/04/2016;6479,
10/04/2016;6658,
11/04/2016;7003,
12/04/2016;7119,
13/04/2016;7119,
14/04/2016;7124,
15/04/2016;7196,
16/04/2016;6316,
17/04/2016;6640,
18/04/2016;7159,
19/04/2016;7209,
20/04/2016;7068,
21/04/2016;6887,
22/04/2016;6856,
23/04/2016;6402,
24/04/2016;6311,
25/04/2016;6961,
26/04/2016;6876,
27/04/2016;6814,
28/04/2016;7135,
29/04/2016;7036,
30/04/2016;6496,
01/05/2016;6534,
02/05/2016;6995,
03/05/2016;7071,
04/05/2016;7052,
05/05/2016;7191,
06/05/2016;6876,
07/05/2016;6504,
08/05/2016;6444,
09/05/2016;7007,
10/05/2016;7068,
11/05/2016;7227,
12/05/2016;7111,
13/05/2016;7148,
14/05/2016;6590,
15/05/2016;6391,
16/05/2016;7008,
17/05/2016;7114,
18/05/2016;6962,
19/05/2016;7160,
20/05/2016;7161,
21/05/2016;6336,
22/05/2016;6530,
23/05/2016;7008,
24/05/2016;6958,
25/05/2016;7078,
26/05/2016;7232,
27/05/2016;7108,
28/05/2016;6436,
29/05/2016;6583,
30/05/2016;6997,
31/05/2016;6967,
01/06/2016;7171,
02/06/2016;7262,
03/06/2016;7182,
04/06/2016;6568,
05/06/2016;6894,
06/06/2016;7326,
07/06/2016;7234,
08/06/2016;7201,
09/06/2016;7350,
10/06/2016;7236,
11/06/2016;6471,
12/06/2016;6627,
13/06/2016;7108,
14/06/2016;7132,
15/06/2016;7235,
16/06/2016;7388,
17/06/2016;7243,
18/06/2016;6548,
19/06/2016;6944,
20/06/2016;7211,
21/06/2016;7347,
22/06/2016;7368,
23/06/2016;7326,
24/06/2016;7388,
25/06/2016;6543,
26/06/2016;6546,
27/06/2016;6796,
28/06/2016;7457,
29/06/2016;7485,
30/06/2016;7485,
01/07/2016;7595,
02/07/2016;6766,
03/07/2016;7014,
04/07/2016;7393,
05/07/2016;7396,
06/07/2016;7367,
07/07/2016;7366,
08/07/2016;7319,
09/07/2016;6868,
10/07/2016;6921,
11/07/2016;7504,
12/07/2016;7584,
13/07/2016;7597,
14/07/2016;7584,
15/07/2016;7367,
16/07/2016;6894,
17/07/2016;6918,
18/07/2016;7480,
19/07/2016;7574,
20/07/2016;7335,
21/07/2016;7278,
22/07/2016;7245,
23/07/2016;6845,
24/07/2016;6818,
25/07/2016;7513,
26/07/2016;7295,
27/07/2016;7310,
28/07/2016;7366,
29/07/2016;7366,
30/07/2016;6578,
31/07/2016;6781,
01/08/2016;7356,
02/08/2016;7083,
03/08/2016;7129,
04/08/2016;6988,
05/08/2016;7094,
06/08/2016;6540,
07/08/2016;6608,
08/08/2016;6988,
09/08/2016;6877,
10/08/2016;7020,
11/08/2016;7111,
12/08/2016;7048,
13/08/2016;6569,
14/08/2016;6470,
15/08/2016;6664,
16/08/2016;7113,
17/08/2016;7101,
18/08/2016;7067,
19/08/2016;6911,
20/08/2016;6481,
21/08/2016;6444,
22/08/2016;6806,
23/08/2016;7009,
24/08/2016;7078,
25/08/2016;7078,
26/08/2016;7267,
27/08/2016;6526,
28/08/2016;6690,
29/08/2016;7119,
30/08/2016;7126,
31/08/2016;7285,
01/09/2016;7198,
02/09/2016;7168,
03/09/2016;6520,
04/09/2016;6571,
05/09/2016;7165,
06/09/2016;7083,
07/09/2016;7076,
08/09/2016;7070,
09/09/2016;6822,
10/09/2016;6355,
11/09/2016;6615,
12/09/2016;7232,
13/09/2016;6994,
14/09/2016;7045,
15/09/2016;7158,
16/09/2016;6925,
17/09/2016;6040,
18/09/2016;5782,
19/09/2016;6098,
20/09/2016;7035,
21/09/2016;6900,
22/09/2016;7024,
23/09/2016;6920,
24/09/2016;6179,
25/09/2016;6586,
26/09/2016;6773,
27/09/2016;6915,
28/09/2016;6915,
29/09/2016;6978,
30/09/2016;6949,
01/10/2016;6225,
02/10/2016;6214,
03/10/2016;7057,
09/10/2016;6367,
10/10/2016;6233,
11/10/2016;6848,
12/10/2016;6903,
13/10/2016;7017,
14/10/2016;7035,
15/10/2016;6375,
16/10/2016;5933,
17/10/2016;7035,
18/10/2016;7105,
19/10/2016;6962,
20/10/2016;6926,
21/10/2016;6795,
22/10/2016;6267,
23/10/2016;6403,
24/10/2016;7040,
25/10/2016;7041,
26/10/2016;7049,
27/10/2016;7030,
28/10/2016;6992,
29/10/2016;6043,
30/10/2016;6224,
31/10/2016;6367,
01/11/2016;6598,
02/11/2016;7015,
03/11/2016;7184,
04/11/2016;7056,
05/11/2016;6360,
06/11/2016;6467,
07/11/2016;7198,
08/11/2016;7170,
09/11/2016;7263,
10/11/2016;7283,
11/11/2016;7141,
12/11/2016;6336,
13/11/2016;6468,
14/11/2016;7250,
15/11/2016;7233,
16/11/2016;7195,
17/11/2016;7284,
18/11/2016;7178,
19/11/2016;6503,
20/11/2016;6182,
21/11/2016;7256,
22/11/2016;7091,
23/11/2016;7091,
24/11/2016;7051,
25/11/2016;6976,
26/11/2016;6533,
27/11/2016;6303,
28/11/2016;7240,
29/11/2016;7306,
30/11/2016;7174,
01/12/2016;7210,
02/12/2016;7213,
03/12/2016;6439,
04/12/2016;6373,
05/12/2016;7121,
06/12/2016;7111,
07/12/2016;7109,
08/12/2016;6548,
09/12/2016;7148,
10/12/2016;6582,
11/12/2016;6440,
12/12/2016;7169,
13/12/2016;7339,
14/12/2016;7586,
15/12/2016;7568,
16/12/2016;7515,
17/12/2016;6642,
18/12/2016;6487,
19/12/2016;7468,
20/12/2016;7580,
21/12/2016;7462,
22/12/2016;7409,
23/12/2016;7262,
24/12/2016;6255,
25/12/2016;6117,
26/12/2016;7454,
27/12/2016;7407,
28/12/2016;7280,
29/12/2016;7268,
30/12/2016;7135,
31/12/2016;6360,
01/01/2017;5873,
02/01/2017;6445,
03/01/2017;6940,
04/01/2017;7369,
05/01/2017;7369,
06/01/2017;7391,
07/01/2017;6645,
08/01/2017;6317,
09/01/2017;6949,
10/01/2017;7413,
11/01/2017;7572,
12/01/2017;7549,
13/01/2017;7555,
14/01/2017;6663,
15/01/2017;6411,
16/01/2017;7169,
17/01/2017;7524,
18/01/2017;7680,
19/01/2017;7677,
20/01/2017;7770,
21/01/2017;6991,
22/01/2017;6610,
23/01/2017;7762,
24/01/2017;7707,
25/01/2017;7694,
26/01/2017;7870,
27/01/2017;8146,
28/01/2017;6712,
29/01/2017;6589,
30/01/2017;7851,
31/01/2017;7695,
01/02/2017;7741,
02/02/2017;7702,
03/02/2017;7627,
04/02/2017;6618,
05/02/2017;6574,
06/02/2017;7723,
07/02/2017;7684,
08/02/2017;7593,
09/02/2017;7513,
10/02/2017;7420,
11/02/2017;6748,
12/02/2017;6538,
13/02/2017;7663,
14/02/2017;7609,
15/02/2017;7570,
16/02/2017;7511,
17/02/2017;7474,
18/02/2017;6691,
19/02/2017;6517,
20/02/2017;7556,
21/02/2017;7828,
22/02/2017;8063,
23/02/2017;7668,
24/02/2017;7828,
25/02/2017;6748,
26/02/2017;6497,
27/02/2017;7708,
28/02/2017;7875,
01/03/2017;7836,
02/03/2017;7918,
03/03/2017;7899,
04/03/2017;6626,
05/03/2017;6749,
06/03/2017;7918,
07/03/2017;7753,
08/03/2017;7699,
09/03/2017;7582,
10/03/2017;7384,
11/03/2017;6786,
12/03/2017;6742,
13/03/2017;7483,
14/03/2017;7243,
15/03/2017;7213,
16/03/2017;7278,
17/03/2017;7313,
18/03/2017;6645,
19/03/2017;6732,
20/03/2017;7497,
21/03/2017;7429,
22/03/2017;7466,
23/03/2017;7413,
24/03/2017;7392,
25/03/2017;6645,
26/03/2017;6687,
27/03/2017;7417,
28/03/2017;7438,
29/03/2017;7436,
30/03/2017;7420,
31/03/2017;7411,
01/04/2017;6753,
02/04/2017;6680,
03/04/2017;7243,
04/04/2017;7250,
05/04/2017;7200,
06/04/2017;7072,
07/04/2017;7003,
08/04/2017;6401,
09/04/2017;6438,
10/04/2017;7072,
11/04/2017;7046,
12/04/2017;6969,
13/04/2017;7047,
14/04/2017;6080,
15/04/2017;6031,
16/04/2017;6361,
17/04/2017;7050,
18/04/2017;6965,
19/04/2017;6080,
20/04/2017;7025,
21/04/2017;7027,
22/04/2017;6490,
23/04/2017;6365,
24/04/2017;7138,
25/04/2017;7060,
26/04/2017;7065,
27/04/2017;7058,
28/04/2017;7039,
29/04/2017;6341,
30/04/2017;6608,
01/05/2017;5998,
02/05/2017;7081,
03/05/2017;7088,
04/05/2017;7042,
05/05/2017;7040,
06/05/2017;6416,
07/05/2017;6347,
08/05/2017;7071,
09/05/2017;7267,
10/05/2017;7143,
11/05/2017;7162,
12/05/2017;7272,
13/05/2017;6766,
14/05/2017;6822,
15/05/2017;7043,
16/05/2017;7062,
17/05/2017;7062,
18/05/2017;7099,
19/05/2017;7423,
20/05/2017;6566,
21/05/2017;6460,
22/05/2017;7006,
23/05/2017;7417,
24/05/2017;7677,
25/05/2017;7569,
26/05/2017;7578,
27/05/2017;6778,
28/05/2017;6827,
29/05/2017;7571,
30/05/2017;7326,
31/05/2017;7326,
01/06/2017;7324,
02/06/2017;7297,
03/06/2017;6805,
04/06/2017;6921,
05/06/2017;7252,
06/06/2017;7094,
07/06/2017;7315,
08/06/2017;7600,
09/06/2017;7517,
10/06/2017;6920,
11/06/2017;7017,
12/06/2017;7404,
13/06/2017;7341,
14/06/2017;7419,
15/06/2017;7422,
16/06/2017;7676,
17/06/2017;7013,
18/06/2017;7116,
19/06/2017;7623,
20/06/2017;7673,
21/06/2017;7880,
22/06/2017;7880,
23/06/2017;7761,
24/06/2017;6975,
25/06/2017;7168,
26/06/2017;7389,
27/06/2017;7856,
28/06/2017;7707,
29/06/2017;7521,
30/06/2017;7539,
01/07/2017;7027,
02/07/2017;7070,
03/07/2017;7463,
04/07/2017;7683,
05/07/2017;7702,
06/07/2017;7740,
07/07/2017;7714,
08/07/2017;7076,
09/07/2017;6665,
10/07/2017;7680,
11/07/2017;7491,
12/07/2017;7629,
13/07/2017;7671,
14/07/2017;7775,
15/07/2017;7253,
16/07/2017;6857,
17/07/2017;7690,
18/07/2017;7594,
19/07/2017;7569,
20/07/2017;7625,
21/07/2017;7410,
22/07/2017;6986,
23/07/2017;6848,
24/07/2017;7690,
25/07/2017;7599,
26/07/2017;7519,
27/07/2017;7511,
28/07/2017;7583,
29/07/2017;6965,
30/07/2017;6901,
31/07/2017;7621,
01/08/2017;7530,
02/08/2017;7513,
03/08/2017;7544,
04/08/2017;7457,
05/08/2017;6933,
06/08/2017;6946,
07/08/2017;7583,
08/08/2017;7568,
09/08/2017;7539,
10/08/2017;7600,
11/08/2017;7615,
12/08/2017;7035,
13/08/2017;6796,
14/08/2017;7555,
15/08/2017;6765,
16/08/2017;7401,
17/08/2017;7571,
18/08/2017;7499,
19/08/2017;6853,
20/08/2017;6916,
21/08/2017;7336,
22/08/2017;7476,
23/08/2017;7439,
24/08/2017;7461,
25/08/2017;7478,
26/08/2017;6908,
27/08/2017;6823,
28/08/2017;7552,
29/08/2017;7271,
30/08/2017;7388,
31/08/2017;7448,
01/09/2017;7285,
02/09/2017;6847,
03/09/2017;6924,
04/09/2017;7684,
05/09/2017;7448,
06/09/2017;7425,
07/09/2017;7366,
08/09/2017;7383,
09/09/2017;6609,
10/09/2017;6965,
11/09/2017;7383,
12/09/2017;7628,
13/09/2017;7590,
14/09/2017;7234,
15/09/2017;6947,
16/09/2017;6028,
17/09/2017;6153,
18/09/2017;5641,
19/09/2017;5955,
20/09/2017;7194,
21/09/2017;7238,
22/09/2017;6863,
23/09/2017;6286,
24/09/2017;6804,
25/09/2017;7499,
26/09/2017;6986,
27/09/2017;6918,
28/09/2017;6939,
29/09/2017;7034,
30/09/2017;6849,
01/10/2017;6364,
02/10/2017;7218,
03/10/2017;7073,
04/10/2017;7210,
05/10/2017;7193,
06/10/2017;7198,
07/10/2017;6462,
08/10/2017;6439,
09/10/2017;6530,
10/10/2017;7287,
11/10/2017;7198,
12/10/2017;7205,
13/10/2017;7224,
14/10/2017;6625,
15/10/2017;6385,
16/10/2017;7222,
17/10/2017;7058,
18/10/2017;7198,
19/10/2017;6944,
20/10/2017;6945,
21/10/2017;6228,
22/10/2017;6370,
23/10/2017;7040,
24/10/2017;7011,
25/10/2017;7028,
26/10/2017;7156,
27/10/2017;6393,
28/10/2017;6600,
29/10/2017;6409,
30/10/2017;7046,
31/10/2017;6989,
01/11/2017;6537,
02/11/2017;6807,
03/11/2017;6870,
04/11/2017;6243,
05/11/2017;6374,
06/11/2017;7161,
07/11/2017;7156,
08/11/2017;7038,
09/11/2017;7038,
10/11/2017;6944,
11/11/2017;6383,
12/11/2017;6456,
13/11/2017;7032,
14/11/2017;6916,
15/11/2017;6973,
16/11/2017;7155,
17/11/2017;7083,
18/11/2017;6470,
19/11/2017;6356,
20/11/2017;7176,
21/11/2017;6883,653846
22/11/2017;0,
23/11/2017;0,
24/11/2017;0,
28/11/2017;0,
29/11/2017;0,
30/11/2017;0,
01/12/2017;0,
02/12/2017;0,
03/12/2017;8794,628986
04/12/2017;9538,709732
05/12/2017;0,
06/12/2017;0,
07/12/2017;0,
08/12/2017;0,
09/12/2017;8896,267852
10/12/2017;9133,425274
11/12/2017;9760,479115
12/12/2017;0,
13/12/2017;0,
14/12/2017;0,
15/12/2017;0,
16/12/2017;0,
17/12/2017;0,
18/12/2017;0,
19/12/2017;0,
20/12/2017;0,
21/12/2017;0,
22/12/2017;0,
23/12/2017;0,
24/12/2017;0,
25/12/2017;0,
26/12/2017;0,
27/12/2017;0,
28/12/2017;0,
29/12/2017;0,
30/12/2017;0,
31/12/2017;0,
01/01/2018;0,
02/01/2018;0,
03/01/2018;0,
04/01/2018;0,
05/01/2018;0,
06/01/2018;0,
07/01/2018;0,
08/01/2018;0,
09/01/2018;0,
10/01/2018;0,
11/01/2018;0,
12/01/2018;0,
13/01/2018;0,
14/01/2018;0,
15/01/2018;0,
16/01/2018;9416,5444
17/01/2018;9969,269879
18/01/2018;9919,864979
19/01/2018;10083,73643
20/01/2018;9131,901666
21/01/2018;9293,760014
22/01/2018;10143,51433
23/01/2018;10189,49139
24/01/2018;10091,93694
25/01/2018;10129,7096
26/01/2018;10154,66839
27/01/2018;9176,253268
28/01/2018;9144,239413
29/01/2018;10184,51914
30/01/2018;10248,66472
31/01/2018;10087,32452
01/02/2018;10123,69706
02/02/2018;10335,34021
03/02/2018;9169,6305
04/02/2018;9206,717953
05/02/2018;10256,90221
06/02/2018;10061,31685
07/02/2018;10013,80834
08/02/2018;10124,69262
09/02/2018;10087,2999
10/02/2018;9339,255417
11/02/2018;9284,671211
12/02/2018;10206,76006
13/02/2018;10173,80049
14/02/2018;9812,738062
15/02/2018;9885,384297
16/02/2018;9997,197352
17/02/2018;9117,783204
18/02/2018;8843,599569
19/02/2018;10136,64333
20/02/2018;10252,1723
21/02/2018;10182,45554
22/02/2018;10247,53892
23/02/2018;10174,49379
24/02/2018;9576,1145
25/02/2018;9346,161153
26/02/2018;10091,66384
27/02/2018;10150,1048
28/02/2018;10156,97362
01/03/2018;10168,78638
02/03/2018;10287,1527
03/03/2018;9526,815739
04/03/2018;9309,284057
05/03/2018;10031,57874
06/03/2018;10077,93254
07/03/2018;9887,672041
08/03/2018;9775,173253
09/03/2018;9844,868124
10/03/2018;9778,71348
11/03/2018;9077,627957
12/03/2018;10298,8705
13/03/2018;10012,41088
14/03/2018;9927,60223
15/03/2018;10095,89613
16/03/2018;9964,101979
17/03/2018;9450,186791
18/03/2018;9281,270232
19/03/2018;9930,743786
20/03/2018;9803,328823
21/03/2018;9805,21097
22/03/2018;9965,513836
23/03/2018;10010,2009
24/03/2018;9139,553916
25/03/2018;9424,892387
26/03/2018;10009,94464
27/03/2018;9803,593121
28/03/2018;9778,536414
29/03/2018;10170,2865
30/03/2018;9372,229493
31/03/2018;9520,440377
01/04/2018;9485,979552
02/04/2018;10074,87726
03/04/2018;10028,22344
04/04/2018;9555,795477
05/04/2018;9440,99205
06/04/2018;9486,508047
07/04/2018;8989,560542
08/04/2018;9123,891441
09/04/2018;9569,842011
10/04/2018;9495,806402
11/04/2018;9513,8099
12/04/2018;9409,450857
13/04/2018;9549,606975
14/04/2018;9056,973528
15/04/2018;9009,483577
16/04/2018;9488,795193
17/04/2018;9595,465172
18/04/2018;9389,389736
19/04/2018;9584,332849
20/04/2018;9595,342046
21/04/2018;9056,135621
22/04/2018;9009,189357
23/04/2018;9374,661255
24/04/2018;9588,120638
25/04/2018;9478,741098
26/04/2018;9552,979327
27/04/2018;9424,41006
28/04/2018;9107,733334
29/04/2018;9063,471786
30/04/2018;9283,974394
01/05/2018;9035,979423
02/05/2018;9313,1237
03/05/2018;9507,21804
04/05/2018;9477,475732
05/05/2018;8925,971602
06/05/2018;8967,320771
07/05/2018;9586,474949
08/05/2018;9452,833909
09/05/2018;9505,767752
10/05/2018;9475,406907
11/05/2018;9513,443632
12/05/2018;9065,857127
13/05/2018;9210,436822
14/05/2018;9464,518015
15/05/2018;9408,32574
16/05/2018;9617,437786
17/05/2018;9683,699022
18/05/2018;9708,478369
19/05/2018;9216,425319
20/05/2018;8915,475211
21/05/2018;8794,297482
22/05/2018;9771,861008
23/05/2018;9677,83174
24/05/2018;9939,950897
25/05/2018;9926,302155
26/05/2018;9355,842405
27/05/2018;9223,66156
28/05/2018;9758,268483
29/05/2018;9947,387567
30/05/2018;9891,61549
31/05/2018;10048,26295
01/06/2018;10008,89204
02/06/2018;9706,750099
03/06/2018;9568,20994
04/06/2018;9980,49485
05/06/2018;10163,36594
06/06/2018;10343,19781
07/06/2018;10412,44941
08/06/2018;10190,16735
09/06/2018;9905,136692
10/06/2018;9940,562849
11/06/2018;10605,35905
12/06/2018;10507,87425
13/06/2018;10003,75478
14/06/2018;10217,80088
15/06/2018;10032,5469
16/06/2018;9672,147497
17/06/2018;9833,256685
18/06/2018;10335,77839
19/06/2018;10324,85534
20/06/2018;10143,57272
21/06/2018;9982,385836
22/06/2018;10054,47345
23/06/2018;9412,83164
24/06/2018;9562,255623
25/06/2018;9900,613887
26/06/2018;10074,57678
27/06/2018;10297,99277
28/06/2018;10385,51037
29/06/2018;9979,865361
30/06/2018;9348,474019
01/07/2018;9247,847938
02/07/2018;9152,212532
03/07/2018;10468,53888
04/07/2018;10394,33026
05/07/2018;10315,55665
06/07/2018;10349,21353
07/07/2018;9731,855586
08/07/2018;9803,565832
09/07/2018;10125,43853
10/07/2018;10130,37826
11/07/2018;10083,55824
12/07/2018;10058,92255
13/07/2018;9849,775846
14/07/2018;9549,132758
15/07/2018;9158,252051
16/07/2018;9135,266601
17/07/2018;9993,953657
18/07/2018;10229,73763
19/07/2018;10088,98083
20/07/2018;10065,80249
21/07/2018;9719,873685
22/07/2018;9778,21032
23/07/2018;10098,99075
24/07/2018;9932,455236
25/07/2018;10047,775
26/07/2018;10321,14977
27/07/2018;10078,8457
28/07/2018;9749,405032
29/07/2018;9572,558762
30/07/2018;10120,15002
31/07/2018;10256,21028
01/08/2018;10157,1274
02/08/2018;10254,73157
03/08/2018;10291,86458
04/08/2018;10020,31
05/08/2018;9983,430633
06/08/2018;10334,5015
07/08/2018;10286,9456
08/08/2018;10109,64307
09/08/2018;10124,79963
10/08/2018;9710,55862
11/08/2018;9500,183867
12/08/2018;9510,269476
13/08/2018;10286,21522
14/08/2018;9799,757912
15/08/2018;8898,190535
16/08/2018;9291,690798
17/08/2018;10375,73124
18/08/2018;9517,358068
19/08/2018;9341,538412
20/08/2018;9731,620856
21/08/2018;10021,53168
22/08/2018;10230,3162
23/08/2018;10185,875
24/08/2018;10294,77129
25/08/2018;9327,655078
26/08/2018;9439,722857
27/08/2018;9824,671845
28/08/2018;9832,47717
29/08/2018;10003,95628
30/08/2018;10188,22435
31/08/2018;10084,96641
01/09/2018;9351,678424
02/09/2018;9286,865924
03/09/2018;10004,81364
04/09/2018;9694,988721
05/09/2018;9733,854176
06/09/2018;9477,606517
07/09/2018;9329,793983
08/09/2018;9005,756618
09/09/2018;8875,371319
10/09/2018;9555,477988
11/09/2018;9586,274243
12/09/2018;9430,698355
13/09/2018;9437,98594
14/09/2018;9390,807436
15/09/2018;8814,74296
16/09/2018;8696,719335
17/09/2018;8313,6533
18/09/2018;8048,26423
19/09/2018;8103,685977
20/09/2018;8973,433187
21/09/2018;9639,901815
22/09/2018;9332,457627
23/09/2018;9096,35231
24/09/2018;9716,413005
25/09/2018;9449,904351
26/09/2018;9459,552567
27/09/2018;9549,840191
28/09/2018;9629,6252
29/09/2018;9143,209573
30/09/2018;9157,317293
01/10/2018;9815,556349
02/10/2018;9965,336656
03/10/2018;9849,869257
04/10/2018;9667,54872
05/10/2018;9611,576792
06/10/2018;9162,48635
07/10/2018;9211,906997
08/10/2018;10062,13515
09/10/2018;9900,860926
10/10/2018;9940,68179
11/10/2018;10117,21482
12/10/2018;10005,39858
13/10/2018;9065,731068
14/10/2018;9032,744092
15/10/2018;9178,381501
16/10/2018;9869,905641
17/10/2018;9701,963404
18/10/2018;9839,428817
19/10/2018;9737,584566
20/10/2018;8871,6355
21/10/2018;8911,48455
22/10/2018;9582,467699
23/10/2018;9578,641683
24/10/2018;9600,152342
25/10/2018;9727,139434
26/10/2018;9753,296211
27/10/2018;9010,710174
28/10/2018;9046,949807
29/10/2018;9779,850655
30/10/2018;9814,724057
31/10/2018;9855,661768
01/11/2018;9159,939012
02/11/2018;9174,900186
03/11/2018;8950,675502
04/11/2018;9186,951526
05/11/2018;9947,4414
06/11/2018;9433,150405
07/11/2018;9547,48814
08/11/2018;9651,1692
09/11/2018;9714,93196
10/11/2018;9132,34584
11/11/2018;9311,833562
12/11/2018;9741,364313
13/11/2018;9656,595494
14/11/2018;9612,10451
15/11/2018;9727,334214
16/11/2018;9741,556145
17/11/2018;8972,48992
18/11/2018;9261,802266
19/11/2018;9774,848358
20/11/2018;10050,4986
21/11/2018;10241,7498
22/11/2018;10192,91281
23/11/2018;10110,8967
24/11/2018;9182,857235
25/11/2018;9073,1825
26/11/2018;10163,98031
27/11/2018;10211,37526
28/11/2018;9997,211988
29/11/2018;10101,58128
30/11/2018;10112,90422
01/12/2018;9111,409676
02/12/2018;8996,818282
03/12/2018;10056,9247
04/12/2018;10005,23592
05/12/2018;9914,94879
06/12/2018;9894,387442
07/12/2018;10057,82801
09/12/2018;9071,85031
10/12/2018;10095,6042
11/12/2018;10009,90196
12/12/2018;9906,835858
13/12/2018;9885,270563
14/12/2018;10125,79544
15/12/2018;9232,799515
16/12/2018;9092,447738
17/12/2018;10204,38051
18/12/2018;10200,6205
19/12/2018;9871,368432
20/12/2018;9985,991673
21/12/2018;10124,74974
22/12/2018;9207,814231
23/12/2018;9132,734807
24/12/2018;9665,435031
25/12/2018;9176,934271
26/12/2018;10524,17078
27/12/2018;10211,27929
28/12/2018;10297,65881
29/12/2018;9302,464818
30/12/2018;9046,538366
31/12/2018;9540,636284
01/01/2019;8702,404573
02/01/2019;10027,60881
03/01/2019;10142,3628
04/01/2019;9831,917288
05/01/2019;8882,148198
06/01/2019;8623,762283
07/01/2019;9840,43428
08/01/2019;9894,493038
09/01/2019;9785,211242
10/01/2019;9965,685339
11/01/2019;9709,594664
12/01/2019;9395,723697
13/01/2019;9305,979495
14/01/2019;9996,374327
15/01/2019;10012,70175
16/01/2019;10004,65345
17/01/2019;9876,457099
18/01/2019;9988,380966
19/01/2019;9145,639846
20/01/2019;8848,62389
21/01/2019;9863,17851
22/01/2019;10076,88051
23/01/2019;10171,17572
24/01/2019;9898,958805
25/01/2019;10058,8434
26/01/2019;9253,46071
27/01/2019;9136,913932
28/01/2019;10096,36595
29/01/2019;10283,61679
30/01/2019;10805,6937
31/01/2019;10727,82396
01/02/2019;10615,65892
02/02/2019;9426,213459
03/02/2019;9179,179437
04/02/2019;10545,67
05/02/2019;10409,27021
06/02/2019;10200,73598
07/02/2019;10407,67663
08/02/2019;10168,2301
09/02/2019;9082,229862
10/02/2019;9076,914263
11/02/2019;10228,91345
12/02/2019;9899,451663
13/02/2019;9866,221881
14/02/2019;10086,46013
15/02/2019;10008,49185
16/02/2019;9317,91557
17/02/2019;9122,97067
18/02/2019;10420,19795
19/02/2019;10281,89656
20/02/2019;10047,6513
21/02/2019;10115,28025
22/02/2019;10078,1404
23/02/2019;9303,155618
24/02/2019;9255,896864
25/02/2019;10046,81474
26/02/2019;10281,31426
27/02/2019;10207,33015
28/02/2019;10282,916
01/03/2019;10305,80154
02/03/2019;9624,574265
03/03/2019;9417,497953
04/03/2019;10253,67373
05/03/2019;10364,79656
06/03/2019;10293,4831
07/03/2019;10275,25443
08/03/2019;10220,95261
09/03/2019;9507,880512
10/03/2019;9322,512215
11/03/2019;10267,27812
12/03/2019;10239,32003
13/03/2019;10235,92035
14/03/2019;10316,53441
15/03/2019;10182,60267
16/03/2019;9437,152008
17/03/2019;9328,210349
18/03/2019;9999,940742
19/03/2019;10060,47163
20/03/2019;10322,34796
21/03/2019;10108,69073
22/03/2019;10203,43858
23/03/2019;9344,523507
24/03/2019;9218,169846
25/03/2019;10115,70575
26/03/2019;10159,80666
27/03/2019;9897,927146
28/03/2019;10077,46583
29/03/2019;9999,62931
30/03/2019;9202,280432
31/03/2019;8954,550342
01/04/2019;9571,81721
02/04/2019;9831,17291
03/04/2019;9572,356935
04/04/2019;9618,59933
05/04/2019;9497,846125
06/04/2019;9173,302328
07/04/2019;9081,898204
08/04/2019;9570,336515
09/04/2019;9562,55687
10/04/2019;9550,928827
11/04/2019;9654,639403
12/04/2019;9481,698945
13/04/2019;9072,328553
14/04/2019;8893,835198
15/04/2019;9624,685138
16/04/2019;9725,357914
17/04/2019;9559,458846
18/04/2019;9683,308984
19/04/2019;8807,709838
20/04/2019;9006,792848
21/04/2019;9202,54063
22/04/2019;9884,104944
23/04/2019;9722,467578
24/04/2019;9772,203131
25/04/2019;9669,85621
26/04/2019;9856,125886
27/04/2019;8954,832169
28/04/2019;9030,568644
29/04/2019;9725,7795
30/04/2019;9758,62143
01/05/2019;8907,686216
02/05/2019;9447,279712
03/05/2019;9787,884875
04/05/2019;9392,24956
05/05/2019;9161,6187
06/05/2019;9865,351428
07/05/2019;9896,358099
08/05/2019;9853,735985
09/05/2019;9759,226488
10/05/2019;9909,54215
11/05/2019;9306,669008
12/05/2019;9336,17146
13/05/2019;9801,244774
14/05/2019;9859,199087
15/05/2019;9756,311776
16/05/2019;9762,5483
17/05/2019;9800,6667
18/05/2019;9524,53961
19/05/2019;9278,598216
20/05/2019;9721,227418
21/05/2019;9600,93374
22/05/2019;9898,90967
23/05/2019;10039,37786
24/05/2019;10149,14981
25/05/2019;9611,203202
26/05/2019;9664,625783
27/05/2019;10102,81976
28/05/2019;10372,32639
29/05/2019;10386,20302
30/05/2019;10147,8167
31/05/2019;10073,92103
01/06/2019;9431,863471
02/06/2019;9490,900256
03/06/2019;9932,895783
04/06/2019;10047,42836
05/06/2019;9848,861205
06/06/2019;9924,406571
07/06/2019;9709,578506
08/06/2019;9497,764327
09/06/2019;9437,542395
10/06/2019;9800,682823
11/06/2019;10116,52292
12/06/2019;10080,55051
13/06/2019;10079,7786
14/06/2019;10097,51662
15/06/2019;9766,95542
16/06/2019;9724,34639
17/06/2019;10346,10451
18/06/2019;10374,12022
19/06/2019;10353,79481
20/06/2019;10140,58256
21/06/2019;10219,72936
22/06/2019;9593,246897
23/06/2019;9578,774106
24/06/2019;10362,17462
25/06/2019;10391,17659
26/06/2019;10482,28727
27/06/2019;10511,6967
28/06/2019;10557,72875
29/06/2019;10124,79052
30/06/2019;9920,639907
01/07/2019;10419,27399
02/07/2019;10339,22196
03/07/2019;10262,56217
04/07/2019;10337,1433
05/07/2019;10298,5919
06/07/2019;9733,305514
07/07/2019;9686,28611
08/07/2019;10250,36228
09/07/2019;10481,2244
10/07/2019;10521,78214
11/07/2019;9957,651303
12/07/2019;10164,31871
13/07/2019;9749,813686
14/07/2019;10118,10912
15/07/2019;10069,25555
16/07/2019;9812,634797
17/07/2019;9960,846762
18/07/2019;10142,37914
19/07/2019;10217,24436
20/07/2019;9724,134229
21/07/2019;10031,171
22/07/2019;10354,16829
23/07/2019;10479,40001
24/07/2019;10345,44432
25/07/2019;10453,78969
26/07/2019;10317,83672
27/07/2019;9849,309765
28/07/2019;9804,66975
29/07/2019;10226,80384
30/07/2019;10255,74577
31/07/2019;10367,93524
01/08/2019;10278,57122
02/08/2019;10287,65545
03/08/2019;9646,859985
04/08/2019;9422,829123
05/08/2019;9846,26081
06/08/2019;9917,442925
07/08/2019;9744,125953
08/08/2019;9883,661522
09/08/2019;9990,966561
10/08/2019;9763,223948
11/08/2019;9872,63837
12/08/2019;9916,207434
13/08/2019;9675,982773
14/08/2019;9768,491175
15/08/2019;9539,413761
16/08/2019;9755,849362
17/08/2019;9643,299057
18/08/2019;9705,34349
19/08/2019;9718,484871
20/08/2019;9616,217452
21/08/2019;9989,514608
22/08/2019;9522,85473
23/08/2019;9636,883136
24/08/2019;9484,543873
25/08/2019;9610,294149
26/08/2019;9770,366201
27/08/2019;9760,820755
28/08/2019;9617,788391
29/08/2019;9682,424267
30/08/2019;9757,382164
31/08/2019;9346,674316
01/09/2019;9411,424021
02/09/2019;9775,438061
03/09/2019;9688,408099
04/09/2019;9554,279557
05/09/2019;9931,865642
06/09/2019;9621,979963
07/09/2019;9591,869692
08/09/2019;9529,349439
09/09/2019;10327,40344
10/09/2019;10093,59277
11/09/2019;9730,503561
12/09/2019;9428,860335
13/09/2019;9487,982193
14/09/2019;9165,423687
15/09/2019;9398,354595
16/09/2019;9458,681711
17/09/2019;9215,715439
18/09/2019;8540,22387
19/09/2019;8584,747315
20/09/2019;8538,895728
21/09/2019;9205,638323
22/09/2019;9390,753062
23/09/2019;9613,27984
24/09/2019;9727,756339
25/09/2019;9607,947229
26/09/2019;9382,621015
27/09/2019;9454,995008
28/09/2019;9168,24045
29/09/2019;9736,423796
30/09/2019;10006,84809
01/10/2019;10167,55605
02/10/2019;10276,39148
03/10/2019;10127,76868
04/10/2019;10022,43572
05/10/2019;9219,379134
06/10/2019;9412,84273
07/10/2019;9859,252963
08/10/2019;9849,507154
09/10/2019;9724,69551
10/10/2019;9656,10389
11/10/2019;9661,33034
12/10/2019;9333,238943
13/10/2019;9328,500776
14/10/2019;10149,89027
15/10/2019;9947,184004
16/10/2019;9903,119815
17/10/2019;9652,505
18/10/2019;9584,734995
19/10/2019;9218,514328
20/10/2019;9197,104251
21/10/2019;9841,717103
22/10/2019;9318,503136
23/10/2019;8842,113419
24/10/2019;8743,726494
25/10/2019;9399,409547
26/10/2019;8837,576323
27/10/2019;8660,536581
28/10/2019;9423,455769
29/10/2019;9661,39612
30/10/2019;9393,635969
31/10/2019;8653,27693
01/11/2019;8641,754451
02/11/2019;8832,917364
03/11/2019;8657,971481
04/11/2019;9321,800119
05/11/2019;9468,958147
06/11/2019;9580,329626
07/11/2019;9651,39757
08/11/2019;9630,533241
09/11/2019;8985,72329
10/11/2019;8937,792108
11/11/2019;9720,596235
12/11/2019;9760,836455
13/11/2019;9721,395322
14/11/2019;9930,36687
15/11/2019;9637,35087
16/11/2019;9275,671787
17/11/2019;9157,48212
18/11/2019;9762,44611
19/11/2019;10097,19181
20/11/2019;9943,754219
21/11/2019;10355,60072
22/11/2019;10019,53477
23/11/2019;9183,708846
24/11/2019;9181,720534
25/11/2019;9885,811987
26/11/2019;10298,54336
27/11/2019;10293,91194
28/11/2019;10106,10414
29/11/2019;9893,805809
30/11/2019;9295,436809
01/12/2019;9146,467341
02/12/2019;10369,89687
03/12/2019;10286,6331
04/12/2019;10095,13105
05/12/2019;9944,966212
06/12/2019;9872,371637
07/12/2019;9191,870233
08/12/2019;9003,532709
09/12/2019;10100,55045
10/12/2019;10093,18172
11/12/2019;10219,86866
12/12/2019;10235,57686
13/12/2019;10234,8582
14/12/2019;9325,599446
15/12/2019;9319,670928
16/12/2019;10413,14292
17/12/2019;10404,51826
18/12/2019;10200,40638
19/12/2019;10214,1157
20/12/2019;10455,1873
21/12/2019;9356,850783
22/12/2019;9304,517087
23/12/2019;10456,42125
24/12/2019;10137,7618
25/12/2019;9023,751338
26/12/2019;10475,51959
27/12/2019;10431,10756
28/12/2019;9565,22147
29/12/2019;9556,982403
30/12/2019;10641,25682
31/12/2019;10102,91545
01/01/2020;8853,975567
02/01/2020;10522,96454
03/01/2020;10452,54571
04/01/2020;9484,245074
05/01/2020;9188,621653
06/01/2020;10229,7507
07/01/2020;10463,38901
08/01/2020;10251,69519
09/01/2020;10157,8134
10/01/2020;9950,447461
11/01/2020;9506,74327
12/01/2020;9144,637471
13/01/2020;9812,912545
14/01/2020;9951,699848
15/01/2020;10415,53554
16/01/2020;10353,967
17/01/2020;10172,55873
18/01/2020;9154,29961
19/01/2020;9037,738075
20/01/2020;10345,54727
21/01/2020;10412,16726
22/01/2020;10335,56253
23/01/2020;10336,4416
24/01/2020;10038,87789
25/01/2020;9476,92025
26/01/2020;9082,867027
27/01/2020;10545,13557
28/01/2020;10623,51791
29/01/2020;10484,29296
30/01/2020;10688,53645
31/01/2020;10659,1993
01/02/2020;9608,95326
02/02/2020;9499,928203
03/02/2020;10832,36437
04/02/2020;10485,2616
05/02/2020;10314,31567
06/02/2020;10311,4133
07/02/2020;10285,18699
08/02/2020;9361,715545
09/02/2020;9159,454634
10/02/2020;10309,29393
11/02/2020;10251,99013
12/02/2020;10384,9079
13/02/2020;10479,76329
14/02/2020;10100,14603
15/02/2020;9538,265154
16/02/2020;9320,834366
17/02/2020;10470,62709
18/02/2020;10291,9828
19/02/2020;10333,769
20/02/2020;10293,9734
21/02/2020;10278,27619
22/02/2020;9577,932222
23/02/2020;9389,791867
24/02/2020;10249,1026
25/02/2020;10557,3641
26/02/2020;10552,51138
27/02/2020;10190,76538
28/02/2020;10139,24191
29/02/2020;9703,425985
01/03/2020;8891,58819
02/03/2020;10174,34173
03/03/2020;10320,27087
04/03/2020;10339,24481
05/03/2020;10527,85781
06/03/2020;10526,56796
07/03/2020;9436,544607
08/03/2020;9394,610636
09/03/2020;10467,59953
10/03/2020;10611,96963
11/03/2020;10653,27328
12/03/2020;10615,77717
13/03/2020;10445,74065
14/03/2020;9342,306266
15/03/2020;9312,233455
16/03/2020;10582,60981
17/03/2020;9602,788811
18/03/2020;10054,5449
19/03/2020;10409,32681
20/03/2020;10329,3502
21/03/2020;9593,45334
22/03/2020;9458,19341
23/03/2020;10229,75769
24/03/2020;10128,40696
25/03/2020;10123,38535
26/03/2020;9931,996916
27/03/2020;9825,815639
28/03/2020;9564,96649
29/03/2020;9400,370865
30/03/2020;10003,26431
01/04/2020;9904,601819
02/04/2020;9850,941762
03/04/2020;9436,590915
04/04/2020;9293,747716
05/04/2020;9079,853608
06/04/2020;9610,815444
07/04/2020;9564,137428
08/04/2020;9436,366611
09/04/2020;9636,32245
10/04/2020;9061,357985
11/04/2020;9121,958191
12/04/2020;9195,874594
13/04/2020;9636,783695
14/04/2020;9722,986212
15/04/2020;9754,2477
16/04/2020;9868,203915
17/04/2020;9804,511003
18/04/2020;9205,25102
19/04/2020;9137,714758
20/04/2020;9770,88923
21/04/2020;9751,350276
22/04/2020;9804,987339
23/04/2020;9773,514097
24/04/2020;9771,190144
25/04/2020;9414,806545
26/04/2020;9248,359644
27/04/2020;9822,97117
28/04/2020;9778,92367
29/04/2020;9774,590448
30/04/2020;9891,987738
01/05/2020;9077,654542
02/05/2020;9351,632455
03/05/2020;9118,589046
04/05/2020;9409,943652
05/05/2020;9712,605104
06/05/2020;9769,52566
07/05/2020;9736,979084
08/05/2020;9502,307914
09/05/2020;9263,181057
10/05/2020;9261,717551
11/05/2020;9837,539242
12/05/2020;9817,382424
13/05/2020;9953,54251
14/05/2020;9914,39074
15/05/2020;9954,865207
16/05/2020;9511,989199
17/05/2020;9191,224608
18/05/2020;9992,467082
19/05/2020;9960,68538
20/05/2020;9748,73128
21/05/2020;9289,424355
22/05/2020;9935,387708
23/05/2020;9615,457171
24/05/2020;9420,535141
25/05/2020;10132,37333
26/05/2020;10081,56227
27/05/2020;10160,8918
28/05/2020;9926,511643
29/05/2020;10154,58713
30/05/2020;9721,48485
31/05/2020;9443,759709
01/06/2020;10058,59333
02/06/2020;10058,80743
03/06/2020;10133,54702
04/06/2020;10115,88333
05/06/2020;10226,68449
06/06/2020;9693,688169
07/06/2020;9517,307357
08/06/2020;9816,602021
09/06/2020;9844,732765
10/06/2020;10221,11199
11/06/2020;9953,218161
12/06/2020;9903,154735
13/06/2020;9882,102837
14/06/2020;9911,774583
15/06/2020;10438,74031
16/06/2020;10306,6702
17/06/2020;10320,25857
18/06/2020;10203,68732
19/06/2020;10352,88551
20/06/2020;9924,767761
21/06/2020;9664,397643
22/06/2020;10359,54432
23/06/2020;10302,1795
24/06/2020;10322,247
25/06/2020;10352,98884
26/06/2020;10169,40161
27/06/2020;10083,81938
28/06/2020;9734,558525
29/06/2020;9696,468081
30/06/2020;10566,1146
01/07/2020;10009,4827
02/07/2020;10090,26439
03/07/2020;10244,47111
04/07/2020;9889,172405
05/07/2020;9528,397285
06/07/2020;10231,4988
07/07/2020;10110,1946
08/07/2020;10173,26587
09/07/2020;9909,710334
10/07/2020;9996,189912
11/07/2020;9909,523131
12/07/2020;9793,770286
13/07/2020;10130,45305
14/07/2020;10040,8614
15/07/2020;10124,77474
16/07/2020;9680,813743
17/07/2020;9847,839973
18/07/2020;9815,407217
19/07/2020;9758,618916
20/07/2020;9894,600386
21/07/2020;9873,925625
22/07/2020;10043,24794
23/07/2020;10125,85422
24/07/2020;9885,793154
25/07/2020;9909,660173
26/07/2020;9790,13342
27/07/2020;9931,805339
28/07/2020;9898,997495
29/07/2020;9968,892204
30/07/2020;9925,161563
31/07/2020;9960,152764
01/08/2020;9773,801757
02/08/2020;9756,11371
03/08/2020;9876,432287
04/08/2020;9672,673379
05/08/2020;9724,78886
06/08/2020;9648,694776
07/08/2020;9783,529317
08/08/2020;9351,176465
09/08/2020;9199,393322
10/08/2020;9653,70299
11/08/2020;9621,640242
12/08/2020;9997,19854
13/08/2020;10114,5283
14/08/2020;10130,87037
15/08/2020;9469,412274
16/08/2020;9497,973826
17/08/2020;10016,98226
18/08/2020;10094,57299
19/08/2020;10162,79061
20/08/2020;10091,97208
21/08/2020;9753,595895
22/08/2020;9309,71658
23/08/2020;9605,160646
24/08/2020;10394,4912
25/08/2020;10419,94882
26/08/2020;10140,70369
27/08/2020;10339,48533
28/08/2020;10148,89394
29/08/2020;9434,65252
30/08/2020;9659,191112
31/08/2020;10322,12292
01/09/2020;10249,69082
02/09/2020;10314,38635
03/09/2020;10247,89771
04/09/2020;10097,28281
05/09/2020;9684,701393
06/09/2020;9556,65637
07/09/2020;9894,165131
08/09/2020;10238,90207
09/09/2020;9876,431732
10/09/2020;10052,28602
11/09/2020;9722,371323
12/09/2020;9367,583046
13/09/2020;9323,326923
14/09/2020;9845,609367
15/09/2020;9771,53585
16/09/2020;9716,944459
17/09/2020;9888,954455
18/09/2020;8975,942125
19/09/2020;9061,24081
20/09/2020;9187,1911
21/09/2020;9663,282519
22/09/2020;9737,167398
23/09/2020;9618,752375
24/09/2020;9684,309128
25/09/2020;9834,935473
26/09/2020;9381,23435
27/09/2020;9281,786301
28/09/2020;9890,86756
29/09/2020;9851,860065
30/09/2020;9834,84345
01/10/2020;9918,455136
02/10/2020;9593,91586
03/10/2020;9318,571754
04/10/2020;9107,950214
05/10/2020;9803,548234
06/10/2020;9783,189876
07/10/2020;9723,92122
08/10/2020;9619,913518
09/10/2020;9600,790645
10/10/2020;9394,555922
11/10/2020;9176,63047
12/10/2020;9132,327567
13/10/2020;9791,201179
14/10/2020;9781,35058
15/10/2020;9771,869635
16/10/2020;9582,480543
17/10/2020;9236,169005
18/10/2020;9151,869563
19/10/2020;9803,18403
20/10/2020;9772,724797
21/10/2020;9753,735822
22/10/2020;9745,160754
23/10/2020;9801,618782
24/10/2020;9389,475789
25/10/2020;9221,898704
26/10/2020;9821,194427
27/10/2020;9761,583369
28/10/2020;9712,675299
29/10/2020;9887,485294
30/10/2020;9836,409235
31/10/2020;9296,391592
01/11/2020;9137,883192
02/11/2020;9774,656447
03/11/2020;9885,171674
04/11/2020;9774,74098
05/11/2020;9746,135107
06/11/2020;9772,2409
07/11/2020;9275,838214
08/11/2020;9146,84563
09/11/2020;9731,855706
10/11/2020;9857,294216
11/11/2020;9783,843523
12/11/2020;9967,278369
14/11/2020;9081,763351
15/11/2020;9171,562027
16/11/2020;9914,528572
17/11/2020;9658,993514
18/11/2020;9898,157104
19/11/2020;9841,180828
20/11/2020;9769,758678
21/11/2020;9233,555386
22/11/2020;9285,636292
23/11/2020;9910,783998
24/11/2020;9897,674434
25/11/2020;9962,26802
26/11/2020;10033,91402
27/11/2020;10022,87147
28/11/2020;9385,60406
29/11/2020;9336,609463
30/11/2020;10053,74951
01/12/2020;10217,35779
02/12/2020;10328,90687
03/12/2020;10468,28658
04/12/2020;10412,75792
05/12/2020;9573,218756
06/12/2020;9411,333208
07/12/2020;10256,74907
08/12/2020;9333,399289
09/12/2020;10296,13936
10/12/2020;10059,99797
11/12/2020;10123,56392
12/12/2020;9534,523507
13/12/2020;9297,553436
14/12/2020;10081,54101
15/12/2020;10418,60884
16/12/2020;10357,7573
17/12/2020;10298,46958
18/12/2020;10021,97576
19/12/2020;9621,778027
20/12/2020;9450,522276
21/12/2020;10430,41039
22/12/2020;10650,73487
23/12/2020;10704,17856
24/12/2020;10218,984
25/12/2020;9296,7305
26/12/2020;9806,676918
27/12/2020;9654,801643
28/12/2020;10699,26712
29/12/2020;10671,67279
30/12/2020;10691,78648
31/12/2020;10208,53585
01/01/2021;9052,186723
02/01/2021;9692,642939
03/01/2021;9671,170022
04/01/2021;10787,60458
05/01/2021;10632,7008
06/01/2021;10580,11559
07/01/2021;10585,49693
08/01/2021;10506,93199
09/01/2021;9463,469023
10/01/2021;9660,839888
11/01/2021;10702,5792
12/01/2021;10631,7637
13/01/2021;10502,79191
14/01/2021;10394,48392
15/01/2021;10341,4074
16/01/2021;9124,488714
17/01/2021;9109,9449
18/01/2021;10150,238
19/01/2021;10425,96616
21/01/2021;10578,81048
22/01/2021;10618,78389
23/01/2021;9393,80956
24/01/2021;9361,285479
25/01/2021;10599,46866
26/01/2021;10735,92941
27/01/2021;10794,17686
28/01/2021;10778,40833
29/01/2021;10570,92727
30/01/2021;9593,934988
31/01/2021;9486,421331
01/02/2021;10466,26297
02/02/2021;10472,28658
03/02/2021;10548,10766
04/02/2021;10427,42948
05/02/2021;9885,173654
06/02/2021;9484,233209
07/02/2021;9442,777391
08/02/2021;10283,87638
09/02/2021;10185,73076
10/02/2021;10519,43296
11/02/2021;10411,36889
12/02/2021;10472,72943
13/02/2021;9547,831225
14/02/2021;9333,729834
15/02/2021;10365,11745
16/02/2021;10307,49521
17/02/2021;10212,60594
18/02/2021;10207,10408
19/02/2021;10510,9993
20/02/2021;9750,733605
21/02/2021;9641,254312
22/02/2021;10708,85957
23/02/2021;10555,85426
24/02/2021;10717,5228
25/02/2021;10696,24203
26/02/2021;10827,46741
27/02/2021;9840,892892
28/02/2021;9790,812033
01/03/2021;10648,31012
02/03/2021;10862,96148
03/03/2021;10864,339
04/03/2021;10755,2166
05/03/2021;11105,60007
06/03/2021;10204,38701
07/03/2021;10003,15264
08/03/2021;11265,53369
09/03/2021;11536,69487
10/03/2021;11197,26359
11/03/2021;11316,21994
12/03/2021;11354,57169
13/03/2021;10168,72655
14/03/2021;9832,484218
15/03/2021;11075,7184
16/03/2021;10788,74246
17/03/2021;10281,7823
18/03/2021;10655,57048
19/03/2021;10420,13033
20/03/2021;10058,36261
21/03/2021;9666,496642
22/03/2021;10790,92868
23/03/2021;10730,145
24/03/2021;10707,35624
25/03/2021;10671,34475
26/03/2021;10604,95671
27/03/2021;9656,783273
28/03/2021;9688,903284
29/03/2021;10557,75923
30/03/2021;10294,85945
31/03/2021;10379,14863
01/04/2021;10376,13954
02/04/2021;9473,438589
03/04/2021;9529,34124
04/04/2021;9511,85771
05/04/2021;10330,87162
06/04/2021;10317,47929
07/04/2021;10092,33687
08/04/2021;10148,86743
09/04/2021;10160,72797
10/04/2021;9819,659024
11/04/2021;9370,445812
12/04/2021;10230,28304
13/04/2021;10302,96575
14/04/2021;10248,91091
15/04/2021;10230,95245
16/04/2021;10157,6075
17/04/2021;9891,424549
18/04/2021;9495,251159
19/04/2021;10298,56985
20/04/2021;10077,62146
21/04/2021;10102,59881
22/04/2021;10114,92255
23/04/2021;10073,28972
24/04/2021;9734,907445
25/04/2021;9428,450792
26/04/2021;10179,479
27/04/2021;10166,93557
28/04/2021;10151,43375
29/04/2021;10147,36329
30/04/2021;10144,5481
01/05/2021;9519,222064
02/05/2021;9494,600203
03/05/2021;10193,17748
04/05/2021;10063,58075
05/05/2021;10417,60148
06/05/2021;10392,40763
07/05/2021;10355,27789
08/05/2021;9944,31468
09/05/2021;9850,911954
10/05/2021;10449,26769
11/05/2021;10350,1108
12/05/2021;10534,48667
13/05/2021;10365,21671
14/05/2021;10346,73909
15/05/2021;9995,127186
16/05/2021;9790,34511
17/05/2021;10579,1537
18/05/2021;10352,23383
19/05/2021;10400,26732
20/05/2021;10721,83086
21/05/2021;9688,61402
22/05/2021;9922,299803
23/05/2021;9722,851595
24/05/2021;10478,83171
25/05/2021;10635,50373
26/05/2021;10730,3294
27/05/2021;10706,51946
28/05/2021;10532,3089
29/05/2021;10175,66985
30/05/2021;10061,47481
31/05/2021;10675,5784
01/06/2021;10766,6226
02/06/2021;10686,67621
03/06/2021;10322,55766
04/06/2021;10212,92568
05/06/2021;10341,40304
06/06/2021;10230,32633
07/06/2021;10313,30555
08/06/2021;10112,1419
09/06/2021;10213,97023
10/06/2021;10063,18628
11/06/2021;10057,37135
12/06/2021;10120,75052
13/06/2021;10185,26957
14/06/2021;10272,98652
15/06/2021;10387,81107
16/06/2021;10461,65344
17/06/2021;10695,89055
18/06/2021;10582,72714
19/06/2021;9913,64111
20/06/2021;10077,2864
21/06/2021;10116,11035
22/06/2021;10534,33549
23/06/2021;10855,70931
24/06/2021;10802,39684
25/06/2021;10885,56407
26/06/2021;10216,91159
27/06/2021;9904,65887
28/06/2021;10312,56345
29/06/2021;11077,20255
30/06/2021;11168,2171
01/07/2021;11133,25247
02/07/2021;11315,74289
03/07/2021;10456,55603
04/07/2021;10280,77274
05/07/2021;11182,51019
06/07/2021;11342,64949
07/07/2021;11236,234
08/07/2021;11146,79681
09/07/2021;11255,42199
10/07/2021;10637,59093
11/07/2021;10569,44183
12/07/2021;11234,55831
13/07/2021;11189,89437
14/07/2021;11117,15126
15/07/2021;10926,58188
16/07/2021;10348,38798
17/07/2021;10264,53102
18/07/2021;10289,79905
19/07/2021;11188,37072
20/07/2021;10990,98883
21/07/2021;10810,98797
22/07/2021;10791,62642
23/07/2021;10842,89022
24/07/2021;10448,36992
25/07/2021;10374,60402
26/07/2021;10957,78537
27/07/2021;11175,7848
28/07/2021;10666,57742
29/07/2021;10894,32564
30/07/2021;10819,69803
31/07/2021;10232,92578
01/08/2021;10049,662
02/08/2021;10414,22097
03/08/2021;10383,35041
04/08/2021;10278,1422
05/08/2021;10463,95113
06/08/2021;10436,13473
07/08/2021;10043,2658
08/08/2021;9889,875529
09/08/2021;10813,14593
10/08/2021;10649,98151
11/08/2021;10665,80945
12/08/2021;10694,61608
13/08/2021;10713,93117
14/08/2021;10265,70201
15/08/2021;10199,6388
16/08/2021;10966,46463
17/08/2021;10994,9794
18/08/2021;11063,53286
19/08/2021;10993,92442
20/08/2021;11088,62147
21/08/2021;10362,38092
22/08/2021;10414,89799
23/08/2021;11039,8246
24/08/2021;10484,30569
25/08/2021;11064,68993
26/08/2021;11123,68128
27/08/2021;10756,61947
28/08/2021;10162,6005
29/08/2021;10074,65342
30/08/2021;11212,4411
31/08/2021;11110,45795
01/09/2021;10932,8184
02/09/2021;10554,48516
03/09/2021;10334,77938
04/09/2021;9083,16468
05/09/2021;8677,275038
06/09/2021;11013,68261
07/09/2021;10515,9299
08/09/2021;10792,65212
09/09/2021;10489,26671
10/09/2021;10595,10592
11/09/2021;10208,96127
12/09/2021;10177,31925
13/09/2021;10894,45382
14/09/2021;10405,8107
15/09/2021;10137,91699
16/09/2021;10242,4048
17/09/2021;9662,731318
18/09/2021;9670,288825
19/09/2021;9774,307
20/09/2021;10712,94645
21/09/2021;10288,70569
22/09/2021;10681,28026
23/09/2021;10444,716
24/09/2021;10189,32548
25/09/2021;9917,362367
26/09/2021;10312,86081
27/09/2021;10334,31813
28/09/2021;10381,61343
29/09/2021;9979,106997
30/09/2021;10420,4706
01/10/2021;10522,17291
02/10/2021;9907,861443
03/10/2021;9692,5445
04/10/2021;10021,87294
05/10/2021;10013,50154
06/10/2021;9909,116043
07/10/2021;10157,42223
08/10/2021;9992,245756
09/10/2021;9461,355375
10/10/2021;9432,131421
11/10/2021;9683,277259
12/10/2021;10057,64588
13/10/2021;10335,39966
14/10/2021;10605,94657
15/10/2021;10473,89167
16/10/2021;9427,49583
17/10/2021;9425,977103
18/10/2021;10184,80844
19/10/2021;10197,9113
20/10/2021;10332,66081
21/10/2021;10153,87235
22/10/2021;10298,93488
23/10/2021;9751,56279
24/10/2021;9550,900693
25/10/2021;10618,269
26/10/2021;10396,78033
27/10/2021;10398,49541
28/10/2021;10422,79264
29/10/2021;10179,82347
30/10/2021;9624,12595
31/10/2021;9557,459615
01/11/2021;9683,71052
02/11/2021;10346,42781
03/11/2021;10414,41981
04/11/2021;9794,534588
05/11/2021;10306,99825
06/11/2021;9342,915
07/11/2021;9152,177028
08/11/2021;9995,672352
09/11/2021;10489,44414
10/11/2021;10399,35952
11/11/2021;10394,26196
12/11/2021;9955,314231
13/11/2021;9270,911137
14/11/2021;9232,704711
15/11/2021;10026,15203
16/11/2021;10148,87289
17/11/2021;10128,5878
18/11/2021;10150,30611
19/11/2021;10020,59121
20/11/2021;9386,630635
21/11/2021;9318,575027
22/11/2021;10146,19683
23/11/2021;10121,49433
24/11/2021;9964,479361
25/11/2021;10050,88037
26/11/2021;9980,30061
27/11/2021;9173,762863
28/11/2021;9236,442582
29/11/2021;10310,325
30/11/2021;10074,43242
01/12/2021;10082,6678
02/12/2021;10149,46301
03/12/2021;10035,26482
04/12/2021;9461,808258
05/12/2021;9453,165945
06/12/2021;10268,70064
07/12/2021;10118,46148
08/12/2021;9538,601195
09/12/2021;10311,54739
10/12/2021;10185,54264
11/12/2021;9460,694457
12/12/2021;9384,333647
13/12/2021;10423,59507
14/12/2021;10258,43316
15/12/2021;10394,2714
16/12/2021;10460,84912
17/12/2021;10380,5547
18/12/2021;9678,7544
19/12/2021;9589,952161
20/12/2021;10650,23926
21/12/2021;10555,60952
22/12/2021;10861,40599
23/12/2021;10680,49581
24/12/2021;11089,23
25/12/2021;10142,28489
26/12/2021;10041,82098
27/12/2021;11203,59263
28/12/2021;10792,99067
29/12/2021;10726,10158
30/12/2021;10982,59893
31/12/2021;10332,76495
01/01/2022;9263,515563
02/01/2022;9635,99877
03/01/2022;10958,39037
04/01/2022;10885,1492
05/01/2022;10849,73623
06/01/2022;10867,193
07/01/2022;10945,49773
08/01/2022;9837,600451
09/01/2022;9598,186437
10/01/2022;10907,39196
11/01/2022;10964,48306
12/01/2022;10924,41238
13/01/2022;10699,47328
14/01/2022;10913,674
15/01/2022;9826,796594
16/01/2022;9260,986235
17/01/2022;10504,763
18/01/2022;10702,81067
19/01/2022;10858,11126
20/01/2022;10759,71057
21/01/2022;10743,62294
22/01/2022;9726,338218
23/01/2022;9350,413862
24/01/2022;10764,53288
25/01/2022;10836,3715
26/01/2022;10674,87277
27/01/2022;10912,13432
28/01/2022;10477,31817
29/01/2022;9745,488693
30/01/2022;9463,72195
31/01/2022;10885,44923
01/02/2022;10888,11282
02/02/2022;10638,52994
03/02/2022;10260,7951
04/02/2022;10225,4798
05/02/2022;9794,823305
06/02/2022;9561,355352
07/02/2022;10667,8311
08/02/2022;10631,47028
09/02/2022;10579,36106
10/02/2022;10435,12131
11/02/2022;10559,19447
12/02/2022;9769,922834
13/02/2022;9421,720986
14/02/2022;10650,40033
15/02/2022;10638,94227
16/02/2022;10641,8201
17/02/2022;10761,95186
18/02/2022;10606,50525
19/02/2022;9754,7382
20/02/2022;9504,50893
21/02/2022;10457,55028
22/02/2022;10567,17599
23/02/2022;10385,64407
24/02/2022;10494,57642
25/02/2022;10469,91086
26/02/2022;9749,542155
27/02/2022;9620,250378
28/02/2022;10656,13628
01/03/2022;10620,29287
02/03/2022;10664,87589
03/03/2022;10594,47713
04/03/2022;10665,22893
05/03/2022;9754,931529
06/03/2022;9607,95866
07/03/2022;10752,2339
08/03/2022;10928,9642
09/03/2022;10791,75305
10/03/2022;10783,75524
11/03/2022;10832,26488
12/03/2022;9886,924055
13/03/2022;9603,29922
14/03/2022;10516,68975
15/03/2022;10591,31648
16/03/2022;10634,17329
17/03/2022;10617,86246
18/03/2022;10599,79644
19/03/2022;9907,838528
20/03/2022;9548,251921
21/03/2022;10399,63383
22/03/2022;10671,33888
23/03/2022;10563,29565
24/03/2022;10717,68357
25/03/2022;10573,75122
26/03/2022;9874,299653
27/03/2022;9601,601634
28/03/2022;10502,12718
29/03/2022;10340,62595
30/03/2022;10440,6238
31/03/2022;10540,93376
01/04/2022;10576,30707
02/04/2022;10048,6824
03/04/2022;9712,141022
04/04/2022;10556,48303
05/04/2022;10682,29973
06/04/2022;10439,69592
07/04/2022;10414,84103
08/04/2022;10033,32516
09/04/2022;9655,124824
10/04/2022;9339,221512
11/04/2022;10056,47304
12/04/2022;10047,61869
13/04/2022;10176,42716
14/04/2022;9828,408748
15/04/2022;9257,815551
16/04/2022;9330,428557
17/04/2022;9314,224386
18/04/2022;10055,391
19/04/2022;9989,423007
20/04/2022;10126,35942
21/04/2022;10482,56552
22/04/2022;10225,50107
23/04/2022;9483,163461
24/04/2022;9499,99055
25/04/2022;10240,54246
26/04/2022;10289,20057
27/04/2022;10221,15924
28/04/2022;10306,4224
29/04/2022;10207,426
30/04/2022;9730,298836
01/05/2022;9760,84337
02/05/2022;10214,86455
03/05/2022;10372,89084
04/05/2022;10380,85385
05/05/2022;10205,4404
06/05/2022;10218,80503
07/05/2022;9693,7041
08/05/2022;9587,44272
09/05/2022;10281,75716
10/05/2022;10260,99216
11/05/2022;10320,6118
12/05/2022;10225,37826
13/05/2022;10222,3857
14/05/2022;9674,889252
15/05/2022;9667,788088
16/05/2022;10507,88183
17/05/2022;10349,7344
18/05/2022;10379,69465
19/05/2022;10494,12138
20/05/2022;10535,71034
21/05/2022;9915,489512
22/05/2022;9979,915085
23/05/2022;10412,1121
24/05/2022;10457,64793
25/05/2022;10617,50228
26/05/2022;10473,4533
27/05/2022;10495,29558
28/05/2022;10044,76792
29/05/2022;10271,92471
30/05/2022;10663,14917
31/05/2022;10843,24219
01/06/2022;11244,5947
02/06/2022;11368,44489
03/06/2022;11147,16745
04/06/2022;10802,7618
05/06/2022;10935,11584
06/06/2022;11233,15968
07/06/2022;11198,2763
08/06/2022;10917,65169
09/06/2022;10555,97488
10/06/2022;10595,17671
11/06/2022;10367,74569
12/06/2022;10476,3892
13/06/2022;10736,21076
14/06/2022;10695,75775
15/06/2022;10860,9236
16/06/2022;10909,90507
17/06/2022;10863,81036
18/06/2022;10350,17733
19/06/2022;10648,54983
20/06/2022;10801,37299
21/06/2022;10303,17149
22/06/2022;10852,28554
23/06/2022;11036,131
24/06/2022;11200,982
25/06/2022;10401,9997
26/06/2022;10458,2788
27/06/2022;10510,14951
28/06/2022;10972,5775
29/06/2022;10984,4005
30/06/2022;10873,26669
01/07/2022;11137,29264
02/07/2022;10450,77236
03/07/2022;10445,5803
04/07/2022;11000,2781
05/07/2022;10938,70632
06/07/2022;11229,17274
07/07/2022;10996,40335
08/07/2022;10937,57443
09/07/2022;10661,7303
10/07/2022;10894,18511
11/07/2022;11112,13592
12/07/2022;10890,8008
13/07/2022;11060,4474
14/07/2022;11311,46425
15/07/2022;11208,55034
16/07/2022;10842,4468
17/07/2022;10770,30893
18/07/2022;10885,69908
19/07/2022;10826,92834
20/07/2022;10707,38926
21/07/2022;10773,7797
22/07/2022;10673,5634
23/07/2022;10435,8152
24/07/2022;10303,98575
25/07/2022;10808,14435
26/07/2022;10655,95584
27/07/2022;10847,5452
28/07/2022;10795,68922
29/07/2022;10653,16923
30/07/2022;10379,21891
31/07/2022;10353,24034
01/08/2022;10837,12007
02/08/2022;10783,4371
03/08/2022;10782,42001
04/08/2022;10823,98284
05/08/2022;10589,28886
06/08/2022;10419,83942
07/08/2022;10473,2707
08/08/2022;10793,28884
09/08/2022;10611,15365
10/08/2022;10640,82412
11/08/2022;10516,30238
12/08/2022;10442,6463
13/08/2022;10320,90734
14/08/2022;10588,81466
15/08/2022;10674,72163
16/08/2022;10721,31251
17/08/2022;10641,61182
18/08/2022;10710,60313
19/08/2022;10657,5255
20/08/2022;10136,6394
21/08/2022;10394,464
22/08/2022;10780,35272
23/08/2022;10730,47147
24/08/2022;10813,21657
25/08/2022;10584,45186
26/08/2022;10580,48529
27/08/2022;9986,38877
28/08/2022;9787,382049
29/08/2022;10286,59133
30/08/2022;10158,4545
31/08/2022;10415,42968
01/09/2022;10453,30158
02/09/2022;10297,5991
03/09/2022;9698,19543
04/09/2022;9634,31887
05/09/2022;9942,450185
06/09/2022;10204,21547
07/09/2022;10461,27865
08/09/2022;10482,15368
09/09/2022;9978,581658
10/09/2022;9652,223676
11/09/2022;9547,51262
12/09/2022;9913,243169
13/09/2022;10052,26573
14/09/2022;10130,29778
15/09/2022;10026,1397
16/09/2022;9584,237079
17/09/2022;9541,155651
18/09/2022;9654,67331
19/09/2022;9704,752298
20/09/2022;10349,58757
21/09/2022;10244,34006
22/09/2022;10143,9179
23/09/2022;10365,13174
24/09/2022;10348,18391
25/09/2022;9989,769567
26/09/2022;10391,6161
27/09/2022;10331,23588
28/09/2022;10211,67515
29/09/2022;10223,52812
30/09/2022;10178,14806
01/10/2022;9795,802642
02/10/2022;9730,833342
03/10/2022;10282,70996
04/10/2022;10526,9969
05/10/2022;10320,83277
06/10/2022;10403,203
07/10/2022;10213,72781
08/10/2022;9506,38614
09/10/2022;9486,734181
10/10/2022;9518,904462
11/10/2022;10239,47707
12/10/2022;10277,8092
13/10/2022;10378,28112
14/10/2022;10239,18691
15/10/2022;9518,960648
16/10/2022;9604,465617
17/10/2022;10326,43727
18/10/2022;10397,80034
19/10/2022;10385,6923
20/10/2022;10214,81573
21/10/2022;10104,3145
22/10/2022;9524,644525
23/10/2022;9633,683985
24/10/2022;10148,6467
25/10/2022;10221,27741
26/10/2022;10166,85053
27/10/2022;10159,94502
28/10/2022;10085,9342
29/10/2022;9589,884623
30/10/2022;9714,977805
31/10/2022;9704,333854
01/11/2022;9707,988898
02/11/2022;10257,31738
03/11/2022;10240,3697
04/11/2022;10137,33208
05/11/2022;9591,367493
06/11/2022;9533,397358
07/11/2022;10271,62125
08/11/2022;10107,24415
09/11/2022;10261,34776
10/11/2022;10125,61045
11/11/2022;10177,5864
12/11/2022;9880,742743
13/11/2022;9729,574107
14/11/2022;10223,95666
15/11/2022;10361,8944
16/11/2022;10293,8222
17/11/2022;10405,36908
18/11/2022;10390,54924
19/11/2022;9736,201022
20/11/2022;9769,323277
21/11/2022;10454,27552
22/11/2022;10652,58368
23/11/2022;10556,2618
24/11/2022;10488,89203
25/11/2022;10509,67446
26/11/2022;9787,960346
27/11/2022;9604,577323
28/11/2022;10478,43573
29/11/2022;10527,25746
30/11/2022;10507,22373
01/12/2022;10487,3395
02/12/2022;10557,83816
03/12/2022;9828,239137
04/12/2022;9665,300304
05/12/2022;10555,55944
06/12/2022;10627,8429
07/12/2022;11068,54003
08/12/2022;9898,48836
09/12/2022;10995,45849
10/12/2022;9963,83615
11/12/2022;10147,28864
12/12/2022;10996,83746
13/12/2022;10911,4514
14/12/2022;10972,73589
15/12/2022;11107,43916
16/12/2022;10850,11999
17/12/2022;10075,60834
18/12/2022;9837,675496
19/12/2022;10905,29602
20/12/2022;11108,74428
21/12/2022;11038,73362
22/12/2022;10935,16121
23/12/2022;11107,18824
24/12/2022;9981,479325
25/12/2022;9648,731458
26/12/2022;10876,91569
27/12/2022;10823,26349
28/12/2022;10969,54807
29/12/2022;11232,74114
30/12/2022;10945,13758
31/12/2022;9750,93688
01/01/2023;9272,119946
02/01/2023;9618,881132
03/01/2023;10900,87754
04/01/2023;11175,39445
05/01/2023;11032,12923
06/01/2023;10857,7832
07/01/2023;9930,460351
08/01/2023;9667,417358
09/01/2023;10820,37916
10/01/2023;10826,67948
11/01/2023;11007,20432
12/01/2023;10785,66448
13/01/2023;10800,80469
14/01/2023;9883,34825
15/01/2023;9675,765087
16/01/2023;10837,81392
17/01/2023;10712,91192
18/01/2023;10858,16169
19/01/2023;10592,96838
20/01/2023;10688,36031
21/01/2023;9788,578389
22/01/2023;9651,852681
23/01/2023;10778,41192
24/01/2023;10774,48067
25/01/2023;10838,39811
26/01/2023;10727,82668
27/01/2023;10710,61348
28/01/2023;9861,532972
29/01/2023;9515,46876
30/01/2023;10811,10976
31/01/2023;10583,15043
01/02/2023;10660,9301
02/02/2023;10791,21039
03/02/2023;10710,80382
04/02/2023;9764,887465
05/02/2023;9430,223044
06/02/2023;10919,824
07/02/2023;10880,131
08/02/2023;10942,4528
09/02/2023;10935,53881
10/02/2023;10848,85778
11/02/2023;9971,330054
12/02/2023;9507,350547
13/02/2023;10919,71297
14/02/2023;10972,72757
15/02/2023;10868,80768
16/02/2023;10884,3024
17/02/2023;10956,96762
18/02/2023;9835,64436
19/02/2023;9549,609313
20/02/2023;11023,62493
21/02/2023;11058,42151
22/02/2023;10973,91748
23/02/2023;11278,12285
24/02/2023;11264,83111
25/02/2023;9987,202815
26/02/2023;9840,22817
27/02/2023;11184,74598
28/02/2023;11337,29011
01/03/2023;11161,29032
02/03/2023;11185,819
03/03/2023;10919,4979
04/03/2023;9908,794091
05/03/2023;9760,576223
06/03/2023;11001,1705
07/03/2023;11049,4893
08/03/2023;10986,8774
09/03/2023;11152,88922
10/03/2023;10903,29734
11/03/2023;9987,290187
12/03/2023;9720,500836
13/03/2023;10970,86942
14/03/2023;10931,86645
15/03/2023;10982,62493
16/03/2023;10983,73125
17/03/2023;10770,45992
18/03/2023;10034,20517
19/03/2023;9637,392522
20/03/2023;10732,2502
21/03/2023;10980,82577
22/03/2023;10982,45566
23/03/2023;11120,73134
24/03/2023;11075,8825
25/03/2023;10174,3308
26/03/2023;10037,2442
27/03/2023;10941,4286
28/03/2023;10843,99578
29/03/2023;10743,5058
30/03/2023;10696,11038
31/03/2023;10724,86275
01/04/2023;10140,49166
02/04/2023;10171,42062
03/04/2023;10651,10723
04/04/2023;10630,15242
05/04/2023;10515,97602
06/04/2023;10569,9842
07/04/2023;9459,161477
08/04/2023;9425,50695
09/04/2023;9443,740378
10/04/2023;10373,77169
11/04/2023;10370,67238
12/04/2023;10461,7396
13/04/2023;10510,87579
14/04/2023;10274,11716
15/04/2023;9513,707307
16/04/2023;9541,3316
17/04/2023;10283,27673
18/04/2023;10458,80964
19/04/2023;10590,64619
20/04/2023;10411,39646
21/04/2023;10385,5151
22/04/2023;9571,910177
23/04/2023;9568,785328
24/04/2023;10164,81177
25/04/2023;10262,68338
26/04/2023;10386,884
27/04/2023;10577,83786
28/04/2023;10653,87912
29/04/2023;9983,243335
30/04/2023;10070,32533
01/05/2023;9906,197974
02/05/2023;10184,12013
03/05/2023;10190,53579
04/05/2023;10174,83934
05/05/2023;10400,29555
06/05/2023;9871,646151
07/05/2023;9947,613686
08/05/2023;10350,24553
09/05/2023;10468,73562
10/05/2023;10555,32206
11/05/2023;10382,13998
12/05/2023;10332,11555
13/05/2023;9861,653737
14/05/2023;9914,439715
15/05/2023;10191,11021
16/05/2023;10651,30439
17/05/2023;10748,52286
18/05/2023;10395,86748
19/05/2023;10444,75524
20/05/2023;9721,402713
21/05/2023;10082,62617
22/05/2023;10410,75066
23/05/2023;10575,65557
24/05/2023;10610,16699
25/05/2023;10624,10468
26/05/2023;10535,8652
27/05/2023;10195,23683
28/05/2023;10352,31142
29/05/2023;10604,47971
30/05/2023;10654,22916
31/05/2023;10628,39041
01/06/2023;10733,15347
02/06/2023;10726,406
03/06/2023;10502,42057
04/06/2023;10742,66718
05/06/2023;10950,8356
06/06/2023;10817,5071
07/06/2023;10774,71557
08/06/2023;10822,98487
09/06/2023;10966,20078
10/06/2023;10253,99774
11/06/2023;10309,45231
12/06/2023;10773,4327
13/06/2023;10892,96869
14/06/2023;11351,43801
15/06/2023;11242,81364
16/06/2023;10993,75039
17/06/2023;10372,5397
18/06/2023;10621,569
19/06/2023;10992,96249
20/06/2023;11105,31888
21/06/2023;10645,8427
22/06/2023;11301,85633
23/06/2023;11323,98735
24/06/2023;10570,9247
25/06/2023;10927,30966
26/06/2023;10986,9545
27/06/2023;11058,7535
28/06/2023;10815,85021
29/06/2023;10821,57484
30/06/2023;10933,94709
01/07/2023;10400,13303
02/07/2023;10700,31147
03/07/2023;10849,7637
04/07/2023;10811,15
05/07/2023;10646,44156
06/07/2023;10598,72694
07/07/2023;10384,73571
08/07/2023;10386,35325
09/07/2023;10387,17329
10/07/2023;10917,28757
11/07/2023;10897,54442
12/07/2023;10954,553
13/07/2023;10769,6368
14/07/2023;10711,58027
15/07/2023;10386,3157
16/07/2023;10280,51759
17/07/2023;10668,47916
18/07/2023;10637,1701
19/07/2023;10899,67227
20/07/2023;10705,58993
21/07/2023;10883,40683
22/07/2023;10456,43691
23/07/2023;10618,70755
24/07/2023;11136,66536
25/07/2023;11185,24829
26/07/2023;10814,65083
27/07/2023;10669,72766
28/07/2023;10749,92165
29/07/2023;10353,77864
30/07/2023;10448,16848
31/07/2023;10809,77428
01/08/2023;10666,80558
02/08/2023;10572,21401
03/08/2023;10280,2137
04/08/2023;10221,81377
05/08/2023;10093,35075
06/08/2023;10030,40531
07/08/2023;10190,69182
08/08/2023;10572,31009
09/08/2023;10783,77517
10/08/2023;10884,19793
11/08/2023;10587,48956
12/08/2023;10341,88198
13/08/2023;10113,1527
14/08/2023;10313,3842
15/08/2023;10133,2082
16/08/2023;10592,19962
17/08/2023;10574,6943
18/08/2023;10494,90444
19/08/2023;10503,97753
20/08/2023;10571,38242
21/08/2023;10615,12562
22/08/2023;10855,99462
23/08/2023;10715,80101
24/08/2023;10548,86247
25/08/2023;10420,22126
26/08/2023;10180,89909
27/08/2023;10113,10855
28/08/2023;10313,33298
29/08/2023;10349,61412
30/08/2023;10358,68538
31/08/2023;10228,18409
01/09/2023;10170,91304
02/09/2023;10382,6983
03/09/2023;10120,54353
04/09/2023;10394,72468
05/09/2023;10438,70905
06/09/2023;10408,13331
07/09/2023;10688,40411
08/09/2023;10691,82861
09/09/2023;10074,13577
10/09/2023;9740,576892
11/09/2023;10721,26987
12/09/2023;10595,82503
13/09/2023;10505,1419
14/09/2023;10217,54597
15/09/2023;10014,14422
16/09/2023;9463,355383
17/09/2023;9669,615535
18/09/2023;9519,666626
19/09/2023;9968,549677
20/09/2023;10398,56423
21/09/2023;10790,35085
22/09/2023;10667,84012
23/09/2023;10219,71338
24/09/2023;10276,2027
25/09/2023;10542,70412
26/09/2023;10648,20129
27/09/2023;10586,99206
28/09/2023;10506,14258
29/09/2023;10478,7629
30/09/2023;10055,39582
01/10/2023;10158,88093
02/10/2023;10439,4465205863
03/10/2023;10909,1705565425
04/10/2023;10506,2735662131
05/10/2023;10537,26789423
06/10/2023;10410,1073488854
07/10/2023;9577,38161980032
08/10/2023;9742,27212835452
09/10/2023;10088,9300554378
10/10/2023;10382,4486368976
11/10/2023;10479,149421717
12/10/2023;10576,7019755212
13/10/2023;10502,8584526168
14/10/2023;9631,58397199199
15/10/2023;9574,22608362142
16/10/2023;10268,2087337066
17/10/2023;10214,902446259
18/10/2023;10313,4279662658
19/10/2023;10276,8173875317
20/10/2023;10218,4461991995
21/10/2023;9833,26489691983
22/10/2023;9926,87992237355
23/10/2023;10509,7139556345
24/10/2023;10303,4472881539
25/10/2023;10308,1976025375
26/10/2023;10169,539804934
27/10/2023;9909,27654806056
28/10/2023;9674,1985478627
29/10/2023;9811,33178283877
30/10/2023;10391,7456576993
31/10/2023;10131,7099058252
01/11/2023;10088,789166994
02/11/2023;10754,3842462456
03/11/2023;10271,842362049
04/11/2023;9826,58098840646
05/11/2023;9884,91632898831
06/11/2023;10471,7730161158
07/11/2023;10249,9833486321
08/11/2023;10314,4274286716
09/11/2023;10411,1201244291
10/11/2023;10498,2790711341
11/11/2023;10060,83610525
12/11/2023;9995,83700490277
13/11/2023;10585,9037375958
14/11/2023;10374,8955323938
15/11/2023;10424,1282271093
16/11/2023;10446,8463710242
17/11/2023;10414,7077304772
18/11/2023;9814,47938943535
19/11/2023;10049,8561723513
20/11/2023;10322,8418390131
21/11/2023;10458,2634503892
22/11/2023;10667,9049620894
23/11/2023;10656,6145124805
24/11/2023;10523,8256393215
25/11/2023;10148,2059618137
26/11/2023;10141,9741600289
27/11/2023;10576,9369992134
28/11/2023;10554,520742407
29/11/2023;10532,8977901099
30/11/2023;10470,2286133807
01/12/2023;10446,59037185
02/12/2023;10066,369811584
03/12/2023;9945,28356424755
04/12/2023;10586,2535873259
05/12/2023;10530,26362125
06/12/2023;10563,2959523547
07/12/2023;10854,8004638703
08/12/2023;10264,6750607848
09/12/2023;10166,4424497825
10/12/2023;10089,539791807
11/12/2023;10626,4316968909
12/12/2023;10591,4103089733
13/12/2023;10716,5211548324
14/12/2023;10690,3435175074
15/12/2023;10670,1588080736
16/12/2023;9861,22287002804
17/12/2023;9846,48818886807
18/12/2023;10594,745848721
19/12/2023;10701,701462222
20/12/2023;10563,1809783021
21/12/2023;10571,341370807
22/12/2023;10817,496325575
23/12/2023;10150,7154867591
24/12/2023;10156,6935152637
25/12/2023;10168,25088206
26/12/2023;11172,312219657
27/12/2023;10896,8379257254
28/12/2023;11124,2612843315
29/12/2023;11202,7320646688
30/12/2023;10111,9159827066
31/12/2023;10122,727240871
01/01/2024;9896,16836826168
03/01/2024;11129,7612388971
04/01/2024;11128,629888853
05/01/2024;11347,3325988009
06/01/2024;10126,1647487921
07/01/2024;10101,4542417426
08/01/2024;11166,8516246863
09/01/2024;11227,5373592283
10/01/2024;11212,9986066634
11/01/2024;11180,5229911365
12/01/2024;10975,1585148365
13/01/2024;9638,95568894916
14/01/2024;9740,50083448742
15/01/2024;10729,6086455435
16/01/2024;10866,9154378142
17/01/2024;10931,8363823907
18/01/2024;10820,3835451242
19/01/2024;10883,6135817141
20/01/2024;10004,846160548
21/01/2024;9891,76997017095
22/01/2024;10900,7197506595
23/01/2024;11176,5044904236
24/01/2024;11926,4953614565
25/01/2024;11629,3247497588
26/01/2024;11436,564071149
27/01/2024;10212,543213064
28/01/2024;10166,9331598978
29/01/2024;11703,8668632349
30/01/2024;11688,1601612246
31/01/2024;11904,466683903
01/02/2024;11826,2418022441
02/02/2024;11859,3972134942
03/02/2024;10659,4491133963
04/02/2024;10573,3478561138
05/02/2024;12089,3306209332
06/02/2024;11434,1013510782
07/02/2024;11603,2782777497
08/02/2024;11533,3978508254
09/02/2024;11584,3853060637
10/02/2024;10473,1253980836
11/02/2024;10314,286426542
12/02/2024;11530,6141220003
13/02/2024;11537,4671303022
14/02/2024;11511,1518542147
15/02/2024;11476,3053130829
16/02/2024;11339,5428738976
17/02/2024;10420,851626307
18/02/2024;10468,293301456
19/02/2024;11979,8545111399
20/02/2024;11478,191369041
21/02/2024;11399,5855234184
22/02/2024;11066,2355845451
23/02/2024;11070,6330796101
24/02/2024;10252,6873360175
25/02/2024;10191,6154401379
26/02/2024;11198,199673013
27/02/2024;11146,9008562201
28/02/2024;11387,471115237
29/02/2024;11359,7311530868
01/03/2024;11266,6830643721
02/03/2024;10333,5861918651
03/03/2024;10193,5335121461
04/03/2024;11282,7513536267
05/03/2024;11301,5679848188
06/03/2024;11383,6644438255
07/03/2024;11064,9162120137
08/03/2024;10976,6085959721
09/03/2024;9953,44268432156
10/03/2024;9815,49844619145
11/03/2024;11035,4792413664
12/03/2024;10944,2364858514
13/03/2024;10957,7779422569
14/03/2024;10801,8402441428
15/03/2024;10761,2841281302
16/03/2024;9895,61998748838
17/03/2024;10004,8302263432
18/03/2024;10847,6953708153
19/03/2024;10899,6385708462
20/03/2024;10649,5885448755
21/03/2024;10975,8863192279
22/03/2024;10930,5756184749
23/03/2024;10175,796314406
24/03/2024;10140,177543396
25/03/2024;11517,4636127016
26/03/2024;10986,3078645554
27/03/2024;10950,79913795
28/03/2024;10848,6316219358
29/03/2024;9652,61578870412
30/03/2024;9855,12345198911
31/03/2024;9800,11772406088
01/04/2024;10575,4776469118
02/04/2024;10841,834495472
03/04/2024;10740,9856776126
04/04/2024;10529,3423393126
05/04/2024;10537,3461709827
06/04/2024;9780,22143943128
07/04/2024;9718,34829031132
08/04/2024;10410,534105159
09/04/2024;10392,1272001
10/04/2024;10363,4369065979
11/04/2024;10366,2595543185
12/04/2024;10494,914135274
13/04/2024;9671,77280538839
14/04/2024;9525,22004079454
15/04/2024;10404,4004660294
16/04/2024;10490,819204216
17/04/2024;10546,2306665751
18/04/2024;10082,1160207094
19/04/2024;10279,1691037434
20/04/2024;9637,24505642332
21/04/2024;9812,37955822494
22/04/2024;10415,7607550517
23/04/2024;10538,2398364271
24/04/2024;10613,2750797295
25/04/2024;10517,9072707701
26/04/2024;10491,3941151438
27/04/2024;10000,9987926287
28/04/2024;9747,99898967572
29/04/2024;10453,1557851291
30/04/2024;10612,1900338828
01/05/2024;10300,4902402076
02/05/2024;10904,1215325007
03/05/2024;10737,394890838
04/05/2024;10103,7680092048
05/05/2024;10182,2644513646
06/05/2024;11074,6975143361
07/05/2024;11257,5239382482
08/05/2024;11154,2123388505
09/05/2024;11140,1971838529
10/05/2024;10997,8839678042
11/05/2024;10051,1132519676
12/05/2024;10151,9305187649
13/05/2024;10731,3639448204
14/05/2024;11116,2942480353
15/05/2024;11478,7801438673
16/05/2024;11324,4418876066
17/05/2024;11278,4475051777
18/05/2024;10296,6878474452
19/05/2024;10931,7645659978
20/05/2024;11528,5744936629
21/05/2024;10750,8500743064
22/05/2024;11667,3994723254
23/05/2024;11455,954522674
24/05/2024;11446,5758390132
25/05/2024;10698,2818012262
26/05/2024;10504,4711663693
27/05/2024;11249,5557738968
28/05/2024;11318,4966779562
29/05/2024;11278,6192712786
30/05/2024;11352,6304216374
31/05/2024;11624,7236707476
01/06/2024;10758,607147017
02/06/2024;11090,6095349368
03/06/2024;11526,8576497721
04/06/2024;11403,4712180649
05/06/2024;11433,6974593512
06/06/2024;11142,775517
07/06/2024;11467,1520431049
08/06/2024;10625,814609416
09/06/2024;10908,7038359217
10/06/2024;11194,2034839836
11/06/2024;10948,598112674
12/06/2024;11193,7517144127
13/06/2024;11360,878995963
14/06/2024;11043,7006513868
15/06/2024;10574,6152901994
16/06/2024;10678,960118242
17/06/2024;11215,7330195747
18/06/2024;11455,3653305594
19/06/2024;11375,455067198
20/06/2024;10854,7266268193
21/06/2024;11547,9522139101
22/06/2024;10695,7959012746
23/06/2024;10863,3570881385
24/06/2024;11601,4561850246
25/06/2024;11786,29253283
26/06/2024;11132,9411735752
27/06/2024;11517,4801611321
28/06/2024;11515,2937389471
29/06/2024;11061,8390101555
30/06/2024;10879,6984940709
01/07/2024;11357,2004801057
02/07/2024;11131,5503674714
03/07/2024;10995,2192047563
04/07/2024;10803,3054623997
05/07/2024;10572,1190980434
06/07/2024;10501,7084400933
07/07/2024;10295,224459755
08/07/2024;11135,1145704491
09/07/2024;11139,8427364662
10/07/2024;11244,3565858971
11/07/2024;11406,4319725865
12/07/2024;11301,7474414758
13/07/2024;10667,8398077412
14/07/2024;10873,1028892155
15/07/2024;11422,6874262082
16/07/2024;10505,2139130971
17/07/2024;11107,8999069723
18/07/2024;11203,8242696868
19/07/2024;11161,3591026424
20/07/2024;10669,3483120845
21/07/2024;10836,6696753403
22/07/2024;11329,7284899846
23/07/2024;10862,342704292
24/07/2024;10863,3505596673
25/07/2024;10926,85739234
26/07/2024;10842,486679159
27/07/2024;10680,5767076292
28/07/2024;10711,8741242049
29/07/2024;10882,7605621048
30/07/2024;10953,381561821
31/07/2024;10879,2956433786
01/08/2024;11090,7880424235
02/08/2024;11246,6331689226
03/08/2024;10838,25851316
04/08/2024;10845,5641180234
05/08/2024;11438,3455761617
06/08/2024;11049,154815375
07/08/2024;11205,86879308
08/08/2024;11118,648656294
09/08/2024;11075,7470966634
10/08/2024;10734,2323767886
11/08/2024;10914,4037593729
12/08/2024;10998,4708355559
13/08/2024;11136,3235254687
14/08/2024;10897,8540892963
15/08/2024;10612,2735991104
16/08/2024;10776,8242185347
17/08/2024;10388,953523086
18/08/2024;10463,2205900504
19/08/2024;10479,8307407294
20/08/2024;10689,6208895389
21/08/2024;11275,5039912562
22/08/2024;11332,7727336822
23/08/2024;11226,334233067
24/08/2024;10594,2655494781
25/08/2024;10754,837305154
26/08/2024;11092,7214041697
27/08/2024;11091,3520347189
28/08/2024;11114,795025123
29/08/2024;11240,4702944403
30/08/2024;10836,159532919
31/08/2024;10561,6366623405
01/09/2024;10566,3348548969
02/09/2024;10624,5407668636
03/09/2024;10989,3722618488
04/09/2024;10883,8180213
05/09/2024;10770,5145781366
06/09/2024;10501,918707223
07/09/2024;10110,8044638316
08/09/2024;10091,369689475
09/09/2024;10364,1947027141
10/09/2024;10414,1642401517
11/09/2024;10308,2278991712
12/09/2024;10278,3304467886
13/09/2024;10303,5769536127
14/09/2024;10321,3158701369
15/09/2024;10174,6491789717
16/09/2024;10312,1524256559
17/09/2024;10475,2060733111
18/09/2024;9809,77614375
19/09/2024;9756,57156036607
20/09/2024;9232,347792047
21/09/2024;10163,2109971047
22/09/2024;10198,32708766
23/09/2024;10382,34177742
24/09/2024;10698,5029797695
25/09/2024;10593,260323166
26/09/2024;10511,359128003
27/09/2024;10401,55185385
28/09/2024;10096,68159606
29/09/2024;10339,9984283773
30/09/2024;10508,1708742297
01/10/2024;10374,3268373972
02/10/2024;10541,7716506915
03/10/2024;10568,4994496976
04/10/2024;10561,7759684874
05/10/2024;9840,59325658634
06/10/2024;10073,182642
07/10/2024;10540,314117284
08/10/2024;10373,1714265959
09/10/2024;10416,2556856775
10/10/2024;10314,87442156
11/10/2024;10174,6744593024
12/10/2024;9481,848579
13/10/2024;9876,9347120774
14/10/2024;10277,3815316624
15/10/2024;10325,3468166012
16/10/2024;10284,8586177846
17/10/2024;10287,6319743122
18/10/2024;10177,6893346032
19/10/2024;9651,65582338001
20/10/2024;10044,9270718341
21/10/2024;10525,6018230248
22/10/2024;10494,2229135879
23/10/2024;10445,89240652
24/10/2024;10332,6660947255
25/10/2024;10282,6947856
26/10/2024;9682,28719579135
27/10/2024;9791,48295763848
28/10/2024;10365,21444367
29/10/2024;10218,6086002529
30/10/2024;10411,8451789216
31/10/2024;9620,40079575997
01/11/2024;9846,41525243998
02/11/2024;9914,73768357969
03/11/2024;10000,4805029074
04/11/2024;10307,1591536881
05/11/2024;10432,1274269187
06/11/2024;10449,84982851
07/11/2024;10472,9272881672
08/11/2024;10283,35087871
09/11/2024;9662,38235141417
10/11/2024;9825,43881188479
11/11/2024;10439,3954356092
12/11/2024;10542,45355022
13/11/2024;10493,7742331633
14/11/2024;10476,9100183
15/11/2024;10503,6181711825
16/11/2024;9767,42926385031
17/11/2024;9910,14137882041
18/11/2024;10388,58428976
19/11/2024;10485,2561074288
20/11/2024;10563,2298575137
21/11/2024;10593,474187463
22/11/2024;10572,1807733986
23/11/2024;9895,74498801
24/11/2024;10024,6342357
25/11/2024;10559,2209077714
26/11/2024;10700,3291686332
27/11/2024;10709,8748956419
28/11/2024;10749,2993279
29/11/2024;10700,27869609
30/11/2024;10066,21584535
01/12/2024;10223,1951358342
02/12/2024;10884,383423423
03/12/2024;10738,5140079445
04/12/2024;10780,102201611
05/12/2024;10737,5881130083
06/12/2024;10750,2162924994
07/12/2024;10014,4063909172
08/12/2024;9590,9704005454
09/12/2024;10934,7782496635
10/12/2024;10933,2805337189
11/12/2024;10893,1473443203
12/12/2024;11076,5954574716
13/12/2024;11013,127455811
14/12/2024;10008,7699730294
15/12/2024;9975,9903740899
16/12/2024;10966,9701528191
17/12/2024;11128,392650858
18/12/2024;11455,910487702
19/12/2024;11431,4222903663
20/12/2024;11149,7914443833
21/12/2024;10472,6869630509
22/12/2024;10221,2028494743
23/12/2024;11154,1096212065
24/12/2024;11011,7014000674
25/12/2024;10283,364683189
26/12/2024;11017,5711889688
27/12/2024;11112,3850751943
28/12/2024;10595,9294800271
29/12/2024;10297,9317756998
30/12/2024;11494,6370780489
31/12/2024;10939,5185219493
01/01/2025;9892,84633984831
02/01/2025;11114,4078328146
03/01/2025;11078,4689928108
04/01/2025;10182,4561620257
05/01/2025;10252,522786542
06/01/2025;11393,7834118181
07/01/2025;10957,1420423463
08/01/2025;11033,4020863755
09/01/2025;10961,709013916
10/01/2025;10974,786255967
11/01/2025;10151,15017044
12/01/2025;10240,1812090813
13/01/2025;11121,419664714
14/01/2025;11207,7175576851
15/01/2025;11180,2045562333
16/01/2025;11207,8698915433
17/01/2025;11264,2552765906
18/01/2025;9944,81623656609
19/01/2025;9904,23422704305
20/01/2025;11139,7208615244
21/01/2025;11060,641823492
22/01/2025;11033,5050283085
23/01/2025;10978,7182291196
24/01/2025;11063,6090398167
25/01/2025;10257,34822226
26/01/2025;10296,6539399606
27/01/2025;11204,9881805998
28/01/2025;11522,7433983855
29/01/2025;11514,9134381836
30/01/2025;11536,1188973906
31/01/2025;11458,5230478496
01/02/2025;10380,5412768176
02/02/2025;10497,662617606
03/02/2025;11851,145007674
04/02/2025;11369,3227463511
05/02/2025;11427,5716019748
06/02/2025;11535,2295341511
07/02/2025;11366,1990245943
08/02/2025;10262,9812235924
09/02/2025;10554,1265924
10/02/2025;11383,1164646506
11/02/2025;11238,929147611
12/02/2025;11337,2167948401
13/02/2025;11357,6189497178
14/02/2025;11344,5248794323
15/02/2025;10344,8942619974
16/02/2025;10387,25725503
17/02/2025;11309,6077219573
18/02/2025;11245,4171516181
19/02/2025;11166,7833844249
20/02/2025;11174,9264963921
21/02/2025;11091,1326386377
22/02/2025;10248,6675594757
23/02/2025;10012,5223810383
24/02/2025;11030,3760202494
25/02/2025;11154,924177722
26/02/2025;11462,1215655269
27/02/2025;11151,9271796564
28/02/2025;11295,2352172912
01/03/2025;10304,4901365425
02/03/2025;10582,341954031
03/03/2025;11453,6092917059
04/03/2025;11377,8920283414
05/03/2025;11057,6709130069
06/03/2025;11128,6891993124
07/03/2025;11112,3221361303
08/03/2025;10315,2710245262
09/03/2025;10378,5802459335
10/03/2025;11043,7840297295
11/03/2025;11135,1597622526
12/03/2025;11156,2835131516
13/03/2025;11117,9460958767
14/03/2025;11078,9952035913
15/03/2025;10185,6079869154
16/03/2025;10384,48759227
17/03/2025;11220,857099104
18/03/2025;11143,4701423985
19/03/2025;11207,8602586008
20/03/2025;11036,3344402328
21/03/2025;10988,524248119
22/03/2025;10183,4044835607
23/03/2025;10102,5915140141
24/03/2025;11021,7212569333
25/03/2025;10919,8104173171
26/03/2025;10950,77050896
27/03/2025;10758,8401101082
28/03/2025;10672,3240676423
29/03/2025;10120,6555767856
30/03/2025;9967,28523618001
31/03/2025;10750,783585382
01/04/2025;10540,3898183617
02/04/2025;10526,791587312
03/04/2025;10176,1863131184
04/04/2025;10323,6178114032
05/04/2025;9910,92080367925
06/04/2025;9792,94652737237
07/04/2025;10355,2761796359
08/04/2025;10255,40860936
09/04/2025;10255,3889066245
10/04/2025;11086,2074653947
11/04/2025;10239,7803898521
12/04/2025;9961,93817595356
13/04/2025;9736,1363228
14/04/2025;10284,3394928971
15/04/2025;10125,4433196525
16/04/2025;10346,1295709817
17/04/2025;10584,2023532902
18/04/2025;9683,35876962107
19/04/2025;9614,1017442916
20/04/2025;9745,18513631999
21/04/2025;10344,3034167424
22/04/2025;10528,6006463639
23/04/2025;10753,1490229772
24/04/2025;10511,663018058
25/04/2025;10658,2503517531
26/04/2025;9877,42896381282
27/04/2025;9707,261351001
28/04/2025;10691,773512536
29/04/2025;10788,320658478
30/04/2025;10733,4603572329
01/05/2025;9994,25581663487
02/05/2025;11136,9444454097
03/05/2025;10163,6348620242
04/05/2025;9784,99641732152
05/05/2025;10840,8820370838
06/05/2025;10858,4764550032
07/05/2025;10991,9028814759
08/05/2025;11325,2229180609
09/05/2025;10821,2246424621
10/05/2025;9804,32912132684
11/05/2025;10018,3848915
12/05/2025;11209,5009570955
13/05/2025;10880,90881055
14/05/2025;10839,1276252767
15/05/2025;10686,7788785972
16/05/2025;10787,6842214471
17/05/2025;10423,2592156562
18/05/2025;10561,76588335
19/05/2025;11101,7841171076
20/05/2025;10831,8578905505
21/05/2025;10433,2084158816
22/05/2025;10986,2159826587
23/05/2025;10947,1616480436
24/05/2025;10246,4643270243
25/05/2025;10653,7107639413
26/05/2025;11433,5719531995
27/05/2025;11457,2673186063
28/05/2025;11348,7784418913
29/05/2025;11249,2685517376
30/05/2025;11361,6974751903
31/05/2025;10534,9393448052
01/06/2025;10417,3268881945
02/06/2025;11361,7346582728
03/06/2025;11304,2574702246
04/06/2025;11356,4241690425
05/06/2025;11186,1154065924
06/06/2025;11030,7505720536
07/06/2025;10363,9836291241
08/06/2025;10486,25233493
09/06/2025;11193,8900739894
10/06/2025;11251,1187042884
11/06/2025;11337,4531444051
12/06/2025;11920,5189158408
13/06/2025;11451,7147305544
14/06/2025;10628,3746394283
15/06/2025;10962,53032918
16/06/2025;11684,1209844593
17/06/2025;11581,2429084265
18/06/2025;11343,5599915094
19/06/2025;11240,2584664412
20/06/2025;10831,6513125084
21/06/2025;11095,7372475147
22/06/2025;11088,2832762
23/06/2025;11556,3459061517
24/06/2025;11437,8848882965
25/06/2025;11406,2514221334
26/06/2025;11562,403199681
27/06/2025;11335,6797660256
28/06/2025;10732,4648860121
29/06/2025;10858,8279664942
30/06/2025;11928,2078954753
01/07/2025;11280,619869573
02/07/2025;11521,9538649051
03/07/2025;11841,1714337493
04/07/2025;11400,8273472349
05/07/2025;11084,33982979
06/07/2025;10864,68107445
07/07/2025;11869,2203768968
08/07/2025;11695,9029252001
09/07/2025;11780,8395501441
10/07/2025;11454,724474728
11/07/2025;11653,3838933483
12/07/2025;10882,3859719274
13/07/2025;11085,8140092213
14/07/2025;12157,8550213707
15/07/2025;11769,2743751662
16/07/2025;10939,4070443423
17/07/2025;11517,1033365433
18/07/2025;11723,4690699219
19/07/2025;10850,8362191452
20/07/2025;10996,38880639
21/07/2025;11939,9415171465
22/07/2025;11563,3782284
23/07/2025;11518,353312408
24/07/2025;11466,6307798271
25/07/2025;11430,1121386454
26/07/2025;11170,201514903
27/07/2025;11117,4055916028
28/07/2025;11553,6198583849
29/07/2025;11431,4528921863
30/07/2025;11752,5165596295
31/07/2025;11917,2590514543
01/08/2025;12001,8194503079
02/08/2025;11061,6403297207
03/08/2025;11149,215304704
04/08/2025;11423,585817029
05/08/2025;11471,189751482
06/08/2025;11575,5311642837
07/08/2025;11467,5212891489
08/08/2025;11368,9225697538
09/08/2025;10715,8294899404
10/08/2025;10839,9979684875
11/08/2025;11387,3266395922
12/08/2025;11236,943415456
13/08/2025;11157,3214786437
14/08/2025;11306,7145673046
15/08/2025;10588,5941140826
16/08/2025;10458,2795442245
17/08/2025;10710,3929484655
18/08/2025;11390,8078129066
19/08/2025;11351,7731807938
20/08/2025;11469,487512778
21/08/2025;12020,4047281795
22/08/2025;11964,1009763645
23/08/2025;11089,4820463303
24/08/2025;10609,3869408053
25/08/2025;11764,4023890069
26/08/2025;11342,329746175
27/08/2025;11666,9912345811
28/08/2025;11807,9510577128
29/08/2025;12013,622541601
30/08/2025;11378,6955059408
31/08/2025;10938,7691204456
01/09/2025;11803,9407262554
02/09/2025;11787,1288023892
03/09/2025;11659,5033979158
04/09/2025;11668,2703616639
05/09/2025;11739,4547234189
06/09/2025;11180,4017186204
07/09/2025;11083,7228401512
08/09/2025;11580,517319861
09/09/2025;11428,7015930534
10/09/2025;11483,8602416989
11/09/2025;11727,9731763213
12/09/2025;11506,8304108691
13/09/2025;10660,1360015994
14/09/2025;10463,8275359
15/09/2025;11493,3158520333
16/09/2025;11550,1501385776
17/09/2025;11323,664547461
18/09/2025;9911,30453469464
19/09/2025;9894,48058382493
20/09/2025;10435,2375524222
21/09/2025;10693,2618351306
22/09/2025;11495,4799940086
23/09/2025;11740,6129225328
24/09/2025;11641,2002970256
25/09/2025;11648,8220921991
26/09/2025;11822,7951201385
27/09/2025;11151,8881055755
28/09/2025;10935,9636586788
29/09/2025;11863,4912615062
30/09/2025;12087,2086414022
01/10/2025;12031,3778002323
02/10/2025;12070,1616595738
03/10/2025;11828,7605059769
04/10/2025;11181,7736335794
05/10/2025;10378,682557514
06/10/2025;11941,80871382
07/10/2025;11909,9033459581
08/10/2025;12056,139349261
09/10/2025;11124,4680423575
10/10/2025;11091,699014462
11/10/2025;10844,2796859131
12/10/2025;10298,2632939866
13/10/2025;11353,9286342857
14/10/2025;11304,196728256
15/10/2025;11290,2699973036
16/10/2025;11386,8356978496
17/10/2025;11387,6338772623
18/10/2025;11259,8715554901
19/10/2025;10404,589456134
20/10/2025;11639,626491088
21/10/2025;11465,738733995
22/10/2025;11575,5700149346
23/10/2025;11633,8495793681
24/10/2025;11643,7599487092
25/10/2025;10919,7206127194
26/10/2025;10188,6973810623
27/10/2025;11633,9742613005
28/10/2025;11427,677869311
29/10/2025;11687,2532734464
30/10/2025;11624,5209200934
31/10/2025;10787,6438537717
01/11/2025;10361,2378666039
02/11/2025;10391,7627755109
03/11/2025;11798,561747106
04/11/2025;11791,419639107
05/11/2025;11853,3664585598
06/11/2025;11730,7426981469
07/11/2025;11397,4600062388
08/11/2025;10980,6241341676
09/11/2025;10446,3339550796
10/11/2025;11607,3195390203
11/11/2025;11874,8380221408
12/11/2025;11926,19053516
13/11/2025;12016,9991366068
14/11/2025;11747,84703801
15/11/2025;10868,6183172644
16/11/2025;9945,93473515118
17/11/2025;12273,681672662
18/11/2025;12424,9992768255
19/11/2025;12452,6239937223
20/11/2025;12063,7324404964
21/11/2025;11951,430508396
22/11/2025;11562,4566144322
23/11/2025;10282,6242943316
24/11/2025;12212,4413833581
25/11/2025;12088,417179066
26/11/2025;12630,1962983123
27/11/2025;12463,7932870597
28/11/2025;12189,4913307574
29/11/2025;11073,84778388
30/11/2025;10575,5353282967
01/12/2025;12356,3662824614
02/12/2025;12456,6985255075
03/12/2025;12530,806427252
04/12/2025;12444,5683905596
05/12/2025;12300,299584086
06/12/2025;11357,5888565142
07/12/2025;10693,9954081152
08/12/2025;10897,6263638383
09/12/2025;12100,4179085143
10/12/2025;12545,2467534405
11/12/2025;12401,4636734713
12/12/2025;12635,3411922165
13/12/2025;11892,1394718791
14/12/2025;10643,975095712
15/12/2025;12770,1183706611
16/12/2025;12899,2446557787
17/12/2025;12361,3546591023
18/12/2025;12506,8477058333
19/12/2025;13095,3391992348
20/12/2025;11940,2207807377
21/12/2025;10795,6625970356
22/12/2025;12822,3242414713
23/12/2025;13082,9087211679
24/12/2025;12752,2624412701
25/12/2025;10548,1819312065
26/12/2025;12546,1645263075
27/12/2025;12231,6302295601
28/12/2025;11207,2022285494
29/12/2025;13412,305537993
30/12/2025;13233,8288393279
31/12/2025;12140,5710340815
01/01/2026;10488,602230403
02/01/2026;12817,7505841404
03/01/2026;12447,4967813778
04/01/2026;11290,855064399
05/01/2026;13391,236809853
06/01/2026;12449,102208671
07/01/2026;12496,7760744133
08/01/2026;12347,799193563
09/01/2026;12888,4766597766
10/01/2026;12220,1867993532
11/01/2026;11407,3011789595
12/01/2026;12956,2610325123
13/01/2026;12737,1657539095
14/01/2026;12435,9405917997
15/01/2026;12995,8504821202
16/01/2026;12817,196922827
17/01/2026;11848,5026854355
18/01/2026;11286,6060540124
19/01/2026;12845,3506405204
20/01/2026;12646,313734297
21/01/2026;13284,2260926758
22/01/2026;13004,1383975749
23/01/2026;13101,9416384659
24/01/2026;11691,565242243
25/01/2026;10781,1890789099
26/01/2026;12844,4078888812
27/01/2026;12934,6672993457
28/01/2026;13311,7846633721
29/01/2026;13323,3656137384
30/01/2026;13351,2699111869
31/01/2026;12243,3822165174
01/02/2026;11434,5330497647
02/02/2026;13067,8072643597
03/02/2026;13014,7348969047
04/02/2026;13259,8358341686
05/02/2026;13130,514443687
06/02/2026;12897,4345907661
07/02/2026;12278,1935688751
08/02/2026;11363,5632547559
09/02/2026;13072,265930105
10/02/2026;12965,4171679195
11/02/2026;13295,8915823047
12/02/2026;12929,833832076
13/02/2026;13112,5480622257
14/02/2026;12248,2680083173
15/02/2026;11187,1259196672
16/02/2026;12808,7398191697
17/02/2026;13013,3684936903
18/02/2026;12619,1293025802
19/02/2026;12365,1486520592
20/02/2026;12564,6088812881
21/02/2026;11952,7460373279
22/02/2026;11560,2123248095
23/02/2026;12243,665287388
24/02/2026;12256,5566500623
25/02/2026;12543,7563295925
26/02/2026;12625,209762634
27/02/2026;12600,9803857644
28/02/2026;12025,9985116049
01/03/2026;11446,1298280484
02/03/2026;12932,5448243018
03/03/2026;12751,803035123
04/03/2026;12811,6845630731
05/03/2026;12800,2496398808
06/03/2026;12799,935378227
07/03/2026;11883,3716754685
08/03/2026;11336,2004661799
09/03/2026;12785,3430462803
10/03/2026;12730,1832202523
11/03/2026;12924,1594801686
12/03/2026;13378,7088530362
13/03/2026;12934,7157381552
14/03/2026;12168,3141990746
15/03/2026;11718,6208546793
16/03/2026;13189,739429482
17/03/2026;13002,1129677314
18/03/2026;12966,1151754498
19/03/2026;12448,5370516312
20/03/2026;12292,927808837
21/03/2026;11972,7853309942
22/03/2026;11558,4499210956
23/03/2026;12789,5582066998
24/03/2026;13056,7490475263
25/03/2026;12817,2861530501
26/03/2026;12781,3840540432
27/03/2026;12848,5108723739
28/03/2026;12243,1795134371
29/03/2026;12068,1975828092
30/03/2026;13057,325291973
